,Detected
0,1
1,1
2,1
3,1
4,1
5,1
6,1
7,1
8,1
9,1
10,1
11,1
12,1
13,1
14,1
15,1
16,1
17,1
18,1
19,1
20,1
21,1
22,1
23,1
24,1
25,1
26,1
27,1
28,1
29,1
30,1
31,1
32,1
33,1
34,1
35,1
36,1
37,1
38,1
39,1
40,1
41,1
42,1
43,1
44,1
45,1
46,1
47,1
48,1
49,1
50,1
51,1
52,1
53,1
54,1
55,1
56,1
57,1
58,1
59,1
60,1
61,1
62,1
63,1
64,1
65,1
66,1
67,1
68,0
69,0
70,1
71,1
72,1
73,0
74,0
75,0
76,0
77,0
78,0
79,0
80,0
81,0
82,0
83,1
84,1
85,0
86,0
87,0
88,0
89,0
90,0
91,0
92,1
93,1
94,1
95,1
96,1
97,1
98,1
99,1
100,1
101,1
102,0
103,0
104,1
105,1
106,1
107,1
108,1
109,0
110,0
111,0
112,0
113,1
114,1
115,1
116,1
117,0
118,0
119,1
120,1
121,1
122,1
123,1
124,1
125,1
126,1
127,1
128,1
129,1
130,1
131,1
132,1
133,1
134,1
135,1
136,1
137,1
138,1
139,1
140,1
141,1
142,1
143,1
144,1
145,1
146,1
147,1
148,1
149,1
150,1
151,0
152,1
153,1
154,1
155,1
156,1
157,1
158,1
159,1
160,1
161,1
162,1
163,1
164,1
165,1
166,1
167,1
168,1
169,1
170,1
171,1
172,1
173,1
174,1
175,1
176,1
177,1
178,0
179,1
180,1
181,1
182,1
183,1
184,1
185,1
186,1
187,1
188,1
189,1
190,1
191,1
192,1
193,1
194,1
195,1
196,1
197,1
198,1
199,1
200,1
201,1
202,1
203,1
204,1
205,1
206,1
207,1
208,1
209,1
210,1
211,1
212,1
213,1
214,1
215,0
216,0
217,0
218,0
219,0
220,0
221,0
222,1
223,1
224,1
225,1
226,1
227,1
228,1
229,1
230,1
231,1
232,1
233,1
234,1
235,1
236,1
237,1
238,1
239,1
240,1
241,1
242,1
243,1
244,1
245,1
246,1
247,1
248,1
249,1
250,1
251,1
252,1
253,1
254,1
255,1
256,1
257,1
258,1
259,1
260,1
261,1
262,1
263,1
264,1
265,1
266,1
267,1
268,1
269,1
270,1
271,1
272,1
273,1
274,1
275,1
276,1
277,1
278,1
279,1
280,1
281,1
282,1
283,1
284,1
285,1
286,1
287,1
288,1
289,1
290,1
291,1
292,1
293,1
294,1
295,1
296,1
297,1
298,1
299,1
300,1
301,1
302,1
303,1
304,1
305,1
306,1
307,1
308,1
309,1
310,1
311,1
312,1
313,1
314,0
315,0
316,0
317,0
318,0
319,0
320,0
321,0
322,0
323,0
324,1
325,0
326,0
327,1
328,1
329,1
330,1
331,1
332,1
333,1
334,1
335,1
336,1
337,1
338,1
339,1
340,1
341,1
342,1
343,1
344,1
345,1
346,1
347,1
348,1
349,1
350,1
351,1
352,1
353,1
354,1
355,1
356,1
357,1
358,1
359,1
360,1
361,1
362,1
363,1
364,1
365,1
366,1
367,1
368,1
369,1
370,1
371,1
372,1
373,1
374,1
375,1
376,1
377,1
378,1
379,1
380,1
381,1
382,1
383,0
384,1
385,1
386,1
387,1
388,1
389,1
390,1
391,1
392,1
393,1
394,1
395,1
396,1
397,1
398,1
399,1
400,1
401,1
402,1
403,1
404,1
405,1
406,1
407,1
408,1
409,1
410,0
411,1
412,1
413,0
414,1
415,1
416,1
417,1
418,1
419,1
420,1
421,1
422,1
423,1
424,1
425,1
426,1
427,1
428,1
429,1
430,1
431,1
432,1
433,1
434,1
435,1
436,1
437,1
438,1
439,1
440,1
441,1
442,1
443,1
444,1
445,1
446,1
447,1
448,1
449,1
450,1
451,1
452,1
453,1
454,1
455,1
456,1
457,1
458,1
459,1
460,1
461,1
462,1
463,1
464,1
465,1
466,1
467,1
468,1
469,1
470,1
471,1
472,1
473,1
474,1
475,1
476,1
477,1
478,1
479,1
480,1
481,1
482,1
483,1
484,1
485,1
486,1
487,1
488,1
489,1
490,1
491,1
492,1
493,1
494,1
495,1
496,1
497,1
498,1
499,1
500,1
501,1
502,1
503,1
504,1
505,1
506,1
507,1
508,1
509,1
510,1
511,1
512,1
513,1
514,1
515,1
516,1
517,1
518,1
519,1
520,1
521,1
522,1
523,1
524,1
525,1
526,1
527,1
528,1
529,1
530,1
531,1
532,1
533,1
534,1
535,1
536,1
537,1
538,1
539,1
540,1
541,1
542,1
543,1
544,1
545,1
546,1
547,1
548,1
549,1
550,1
551,1
552,1
553,1
554,1
555,1
556,1
557,1
558,1
559,1
560,1
561,1
562,1
563,1
564,1
565,1
566,1
567,1
568,1
569,1
570,1
571,1
572,1
573,1
574,1
575,1
576,1
577,1
578,1
579,1
580,1
581,1
582,1
583,1
584,1
585,1
586,1
587,1
588,1
589,1
590,1
591,1
592,1
593,1
594,1
595,1
596,1
597,1
598,1
599,1
600,1
601,1
602,1
603,1
604,1
605,1
606,1
607,1
608,1
609,1
610,1
611,1
612,1
613,1
614,1
615,1
616,1
617,1
618,1
619,1
620,1
621,1
622,1
623,1
624,1
625,1
626,1
627,1
628,1
629,1
630,1
631,1
632,1
633,1
634,1
635,1
636,1
637,1
638,1
639,1
640,1
641,1
642,1
643,1
644,1
645,1
646,1
647,1
648,1
649,1
650,1
651,1
652,1
653,1
654,1
655,1
656,1
657,1
658,1
659,1
660,1
661,1
662,1
663,1
664,1
665,1
666,1
667,1
668,1
669,1
670,1
671,1
672,1
673,1
674,1
675,1
676,1
677,1
678,1
679,1
680,1
681,1
682,1
683,1
684,1
685,1
686,1
687,1
688,1
689,1
690,1
691,1
692,1
693,1
694,1
695,1
696,1
697,1
698,1
699,0
700,1
701,1
702,1
703,1
704,1
705,1
706,1
707,1
708,1
709,1
710,1
711,1
712,1
713,1
714,1
715,1
716,1
717,1
718,1
719,1
720,1
721,1
722,1
723,1
724,1
725,1
726,1
727,1
728,1
729,1
730,1
731,1
732,1
733,1
734,1
735,1
736,1
737,1
738,1
739,1
740,1
741,1
742,1
743,1
744,1
745,1
746,1
747,1
748,1
749,1
750,1
751,1
752,1
753,1
754,1
755,1
756,1
757,1
758,1
759,1
760,1
761,1
762,1
763,1
764,1
765,1
766,1
767,1
768,1
769,1
770,1
771,1
772,1
773,1
774,1
775,1
776,1
777,1
778,1
779,1
780,1
781,1
782,1
783,1
784,1
785,1
786,1
787,1
788,1
789,1
790,1
791,1
792,1
793,1
794,1
795,1
796,1
797,1
798,1
799,1
800,1
801,1
802,1
803,1
804,1
805,1
806,1
807,1
808,1
809,1
810,1
811,1
812,1
813,1
814,1
815,1
816,1
817,1
818,1
819,1
820,0
821,0
822,0
823,0
824,0
825,1
826,1
827,1
828,1
829,1
830,0
831,0
832,0
833,1
834,1
835,1
836,1
837,1
838,1
839,1
840,1
841,1
842,1
843,1
844,1
845,1
846,1
847,1
848,1
849,1
850,1
851,1
852,1
853,1
854,1
855,1
856,1
857,1
858,1
859,1
860,1
861,1
862,1
863,1
864,1
865,1
866,1
867,1
868,1
869,1
870,1
871,1
872,1
873,0
874,1
875,1
876,1
877,1
878,1
879,1
880,1
881,1
882,1
883,1
884,1
885,1
886,1
887,1
888,1
889,1
890,1
891,1
892,1
893,1
894,1
895,1
896,1
897,1
898,1
899,1
900,1
901,1
902,1
903,1
904,1
905,1
906,1
907,1
908,1
909,1
910,1
911,0
912,1
913,1
914,1
915,1
916,1
917,1
918,1
919,1
920,1
921,1
922,1
923,1
924,1
925,1
926,1
927,1
928,1
929,1
930,1
931,1
932,1
933,0
934,1
935,1
936,1
937,1
938,1
939,1
940,1
941,1
942,1
943,1
944,1
945,1
946,1
947,1
948,1
949,1
950,1
951,1
952,1
953,1
954,1
955,1
956,1
957,1
958,1
959,1
960,1
961,1
962,1
963,1
964,1
965,1
966,1
967,1
968,1
969,1
970,1
971,1
972,1
973,1
974,1
975,1
976,1
977,1
978,1
979,1
980,1
981,1
982,1
983,1
984,1
985,1
986,1
987,1
988,1
989,1
990,1
991,1
992,1
993,1
994,1
995,1
996,1
997,1
998,1
999,1
1000,1
1001,1
1002,1
1003,1
1004,1
1005,1
1006,1
1007,1
1008,1
1009,1
1010,1
1011,1
1012,1
1013,1
1014,1
1015,1
1016,1
1017,0
1018,1
1019,1
1020,1
1021,1
1022,1
1023,1
1024,1
1025,1
1026,1
1027,1
1028,1
1029,1
1030,1
1031,1
1032,1
1033,1
1034,1
1035,1
1036,1
1037,1
1038,1
1039,1
1040,1
1041,0
1042,1
1043,1
1044,1
1045,1
1046,1
1047,1
1048,1
1049,1
1050,1
1051,1
1052,1
1053,1
1054,1
1055,1
1056,1
1057,1
1058,1
1059,1
1060,1
1061,1
1062,1
1063,1
1064,1
1065,0
1066,1
1067,1
1068,1
1069,1
1070,1
1071,1
1072,1
1073,1
1074,1
1075,1
1076,1
1077,1
1078,1
1079,1
1080,1
1081,1
1082,1
1083,1
1084,1
1085,1
1086,1
1087,1
1088,1
1089,0
1090,1
1091,1
1092,1
1093,1
1094,1
1095,1
1096,1
1097,1
1098,1
1099,1
1100,0
1101,1
1102,0
1103,1
1104,1
1105,1
1106,1
1107,1
1108,1
1109,1
1110,1
1111,1
1112,1
1113,1
1114,1
1115,1
1116,1
1117,1
1118,1
1119,1
1120,1
1121,1
1122,1
1123,1
1124,1
1125,1
1126,1
1127,1
1128,1
1129,1
1130,1
1131,1
1132,1
1133,1
1134,1
1135,1
1136,1
1137,1
1138,1
1139,1
1140,1
1141,1
1142,1
1143,1
1144,1
1145,1
1146,1
1147,1
1148,1
1149,1
1150,1
1151,1
1152,1
1153,1
1154,1
1155,1
1156,1
1157,1
1158,1
1159,1
1160,1
1161,1
1162,1
1163,1
1164,1
1165,1
1166,1
1167,1
1168,1
1169,1
1170,1
1171,1
1172,1
1173,1
1174,1
1175,1
1176,1
1177,1
1178,1
1179,1
1180,1
1181,1
1182,1
1183,1
1184,1
1185,1
1186,0
1187,1
1188,0
1189,0
1190,1
1191,1
1192,1
1193,1
1194,1
1195,1
1196,0
1197,0
1198,0
1199,1
1200,1
1201,1
1202,1
1203,1
1204,0
1205,0
1206,1
1207,1
1208,1
1209,1
1210,1
1211,1
1212,1
1213,1
1214,1
1215,1
1216,1
1217,1
1218,1
1219,1
1220,1
1221,1
1222,1
1223,1
1224,1
1225,1
1226,1
1227,1
1228,1
1229,1
1230,1
1231,1
1232,1
1233,1
1234,1
1235,1
1236,1
1237,1
1238,1
1239,1
1240,1
1241,1
1242,1
1243,1
1244,1
1245,0
1246,1
1247,0
1248,1
1249,1
1250,1
1251,1
1252,1
1253,1
1254,1
1255,1
1256,1
1257,1
1258,1
1259,1
1260,1
1261,1
1262,1
1263,1
1264,1
1265,1
1266,1
1267,1
1268,1
1269,1
1270,1
1271,1
1272,1
1273,1
1274,1
1275,1
1276,1
1277,1
1278,1
1279,1
1280,1
1281,1
1282,1
1283,1
1284,1
1285,1
1286,1
1287,1
1288,1
1289,1
1290,1
1291,1
1292,1
1293,1
1294,1
1295,1
1296,1
1297,1
1298,1
1299,1
1300,1
1301,1
1302,1
1303,1
1304,1
1305,1
1306,1
1307,1
1308,1
1309,1
1310,1
1311,1
1312,1
1313,1
1314,1
1315,1
1316,1
1317,1
1318,1
1319,1
1320,1
1321,1
1322,1
1323,1
1324,1
1325,1
1326,1
1327,1
1328,1
1329,1
1330,1
1331,1
1332,1
1333,0
1334,1
1335,1
1336,0
1337,1
1338,1
1339,0
1340,1
1341,0
1342,1
1343,1
1344,1
1345,1
1346,1
1347,1
1348,1
1349,1
1350,1
1351,1
1352,1
1353,1
1354,1
1355,1
1356,1
1357,1
1358,1
1359,1
1360,1
1361,1
1362,1
1363,1
1364,1
1365,1
1366,1
1367,1
1368,1
1369,0
1370,0
1371,1
1372,1
1373,1
1374,1
1375,1
1376,1
1377,1
1378,1
1379,1
1380,1
1381,1
1382,1
1383,1
1384,1
1385,1
1386,1
1387,1
1388,1
1389,1
1390,1
1391,1
1392,1
1393,0
1394,1
1395,1
1396,1
1397,1
1398,1
1399,1
1400,1
1401,1
1402,1
1403,1
1404,1
1405,1
1406,1
1407,1
1408,1
1409,1
1410,1
1411,1
1412,1
1413,1
1414,1
1415,1
1416,1
1417,1
1418,1
1419,1
1420,1
1421,1
1422,1
1423,1
1424,1
1425,1
1426,1
1427,1
1428,1
1429,1
1430,1
1431,1
1432,1
1433,1
1434,1
1435,1
1436,1
1437,1
1438,1
1439,1
1440,1
1441,1
1442,1
1443,0
1444,1
1445,0
1446,0
1447,0
1448,0
1449,1
1450,1
1451,1
1452,1
1453,0
1454,1
1455,1
1456,0
1457,0
1458,1
1459,1
1460,0
1461,1
1462,0
1463,0
1464,1
1465,1
1466,0
1467,1
1468,1
1469,0
1470,1
1471,1
1472,0
1473,0
1474,0
1475,0
1476,1
1477,1
1478,1
1479,1
1480,1
1481,0
1482,0
1483,1
1484,1
1485,1
1486,1
1487,0
1488,1
1489,0
1490,1
1491,1
1492,1
1493,0
1494,1
1495,0
1496,1
1497,1
1498,1
1499,0
1500,1
1501,1
1502,1
1503,0
1504,1
1505,1
1506,0
1507,0
1508,1
1509,1
1510,0
1511,0
1512,1
1513,1
1514,0
1515,0
1516,1
1517,1
1518,0
1519,0
1520,1
1521,1
1522,0
1523,0
1524,1
1525,1
1526,1
1527,1
1528,0
1529,0
1530,1
1531,1
1532,1
1533,1
1534,1
1535,0
1536,0
1537,1
1538,1
1539,1
1540,1
1541,1
1542,0
1543,0
1544,1
1545,1
1546,1
1547,1
1548,1
1549,0
1550,0
1551,1
1552,1
1553,1
1554,1
1555,1
1556,1
1557,1
1558,1
1559,1
1560,1
1561,1
1562,1
1563,1
1564,1
1565,1
1566,1
1567,1
1568,1
1569,1
1570,1
1571,1
1572,1
1573,1
1574,1
1575,1
1576,1
1577,1
1578,1
1579,1
1580,1
1581,1
1582,1
1583,1
1584,1
1585,1
1586,1
1587,1
1588,1
1589,1
1590,1
1591,1
1592,1
1593,1
1594,1
1595,1
1596,1
1597,1
1598,1
1599,0
1600,1
1601,1
1602,1
1603,1
1604,1
1605,1
1606,1
1607,1
1608,1
1609,1
1610,1
1611,1
1612,1
1613,1
1614,1
1615,1
1616,1
1617,1
1618,1
1619,1
1620,1
1621,1
1622,1
1623,1
1624,1
1625,1
1626,1
1627,1
1628,1
1629,1
1630,1
1631,1
1632,1
1633,1
1634,1
1635,1
1636,1
1637,1
1638,1
1639,1
1640,1
1641,1
1642,1
1643,1
1644,1
1645,1
1646,1
1647,1
1648,1
1649,1
1650,1
1651,1
1652,1
1653,1
1654,1
1655,1
1656,1
1657,1
1658,1
1659,1
1660,1
1661,1
1662,1
1663,1
1664,1
1665,1
1666,1
1667,1
1668,1
1669,1
1670,1
1671,1
1672,1
1673,1
1674,1
1675,1
1676,1
1677,1
1678,1
1679,1
1680,1
1681,1
1682,1
1683,1
1684,1
1685,1
1686,1
1687,1
1688,1
1689,1
1690,1
1691,1
1692,1
1693,1
1694,1
1695,1
1696,1
1697,1
1698,1
1699,1
1700,1
1701,1
1702,1
1703,1
1704,1
1705,1
1706,1
1707,1
1708,1
1709,1
1710,0
1711,1
1712,0
1713,1
1714,1
1715,1
1716,1
1717,1
1718,1
1719,1
1720,1
1721,1
1722,1
1723,1
1724,1
1725,1
1726,1
1727,1
1728,1
1729,1
1730,1
1731,1
1732,1
1733,1
1734,1
1735,1
1736,1
1737,1
1738,1
1739,1
1740,1
1741,1
1742,1
1743,1
1744,1
1745,1
1746,1
1747,1
1748,1
1749,1
1750,1
1751,1
1752,1
1753,1
1754,1
1755,1
1756,1
1757,1
1758,1
1759,1
1760,1
1761,1
1762,1
1763,1
1764,1
1765,1
1766,1
1767,1
1768,1
1769,0
1770,1
1771,1
1772,0
1773,1
1774,1
1775,0
1776,1
1777,0
1778,1
1779,1
1780,1
1781,1
1782,1
1783,1
1784,1
1785,1
1786,1
1787,0
1788,0
1789,1
1790,0
1791,0
1792,0
1793,1
1794,1
1795,1
1796,0
1797,0
1798,1
1799,1
1800,1
1801,1
1802,0
1803,1
1804,1
1805,1
1806,1
1807,1
1808,0
1809,0
1810,1
1811,0
1812,0
1813,1
1814,0
1815,1
1816,0
1817,0
1818,1
1819,1
1820,0
1821,1
1822,0
1823,0
1824,1
1825,1
1826,1
1827,0
1828,1
1829,1
1830,1
1831,0
1832,1
1833,1
1834,1
1835,1
1836,1
1837,1
1838,1
1839,1
1840,1
1841,0
1842,0
1843,1
1844,1
1845,1
1846,0
1847,0
1848,1
1849,0
1850,1
1851,0
1852,0
1853,0
1854,1
1855,1
1856,0
1857,0
1858,1
1859,1
1860,1
1861,1
1862,1
1863,1
1864,1
1865,1
1866,0
1867,0
1868,1
1869,1
1870,1
1871,1
1872,1
1873,1
1874,1
1875,1
1876,1
1877,1
1878,1
1879,1
1880,1
1881,1
1882,1
1883,1
1884,1
1885,1
1886,1
1887,1
1888,1
1889,1
1890,1
1891,1
1892,1
1893,1
1894,1
1895,0
1896,1
1897,0
1898,1
1899,0
1900,0
1901,1
1902,0
1903,1
1904,0
1905,1
1906,0
1907,0
1908,0
1909,0
1910,1
1911,1
1912,1
1913,1
1914,1
1915,0
1916,0
1917,1
1918,1
1919,1
1920,1
1921,1
1922,1
1923,0
1924,1
1925,0
1926,1
1927,1
1928,1
1929,1
1930,1
1931,1
1932,1
1933,0
1934,1
1935,1
1936,1
1937,1
1938,0
1939,1
1940,0
1941,1
1942,1
1943,1
1944,1
1945,1
1946,0
1947,1
1948,1
1949,1
1950,1
1951,1
1952,1
1953,1
1954,0
1955,1
1956,0
1957,1
1958,1
1959,1
1960,1
1961,1
1962,0
1963,1
1964,0
1965,1
1966,1
1967,1
1968,1
1969,0
1970,1
1971,0
1972,1
1973,1
1974,1
1975,1
1976,1
1977,1
1978,1
1979,1
1980,1
1981,1
1982,1
1983,1
1984,1
1985,1
1986,1
1987,1
1988,1
1989,1
1990,1
1991,1
1992,1
1993,1
1994,1
1995,1
1996,1
1997,1
1998,1
1999,1
2000,1
2001,1
2002,1
2003,1
2004,1
2005,1
2006,1
2007,1
2008,1
2009,1
2010,1
2011,0
2012,1
2013,1
2014,1
2015,1
2016,1
2017,1
2018,1
2019,1
2020,0
2021,1
2022,0
2023,1
2024,0
2025,1
2026,0
2027,1
2028,0
2029,1
2030,1
2031,1
2032,1
2033,1
2034,1
2035,0
2036,1
2037,0
2038,1
2039,1
2040,1
2041,1
2042,0
2043,1
2044,1
2045,1
2046,1
2047,1
2048,1
2049,1
2050,1
2051,1
2052,1
2053,1
2054,1
2055,1
2056,1
2057,1
2058,1
2059,1
2060,1
2061,1
2062,1
2063,1
2064,1
2065,1
2066,1
2067,1
2068,1
2069,1
2070,0
2071,0
2072,0
2073,0
2074,1
2075,1
2076,1
2077,1
2078,1
2079,1
2080,0
2081,1
2082,1
2083,1
2084,0
2085,0
2086,0
2087,0
2088,1
2089,1
2090,1
2091,1
2092,1
2093,0
2094,0
2095,1
2096,1
2097,1
2098,1
2099,1
2100,1
2101,1
2102,1
2103,1
2104,1
2105,1
2106,1
2107,1
2108,1
2109,1
2110,1
2111,1
2112,1
2113,1
2114,1
2115,1
2116,1
2117,1
2118,1
2119,1
2120,1
2121,0
2122,1
2123,1
2124,1
2125,1
2126,1
2127,1
2128,0
2129,0
2130,1
2131,0
2132,1
2133,1
2134,0
2135,1
2136,1
2137,0
2138,0
2139,1
2140,0
2141,1
2142,1
2143,1
2144,1
2145,1
2146,0
2147,0
2148,1
2149,1
2150,1
2151,1
2152,1
2153,1
2154,1
2155,1
2156,1
2157,1
2158,1
2159,1
2160,1
2161,1
2162,1
2163,1
2164,1
2165,1
2166,1
2167,1
2168,1
2169,1
2170,1
2171,1
2172,0
2173,1
2174,1
2175,0
2176,1
2177,1
2178,0
2179,1
2180,1
2181,1
2182,1
2183,1
2184,0
2185,1
2186,1
2187,1
2188,1
2189,1
2190,1
2191,1
2192,1
2193,1
2194,1
2195,1
2196,1
2197,1
2198,1
2199,1
2200,1
2201,0
2202,1
2203,1
2204,1
2205,0
2206,1
2207,1
2208,1
2209,0
2210,0
2211,0
2212,1
2213,1
2214,1
2215,0
2216,0
2217,0
2218,1
2219,1
2220,1
2221,1
2222,1
2223,1
2224,1
2225,1
2226,1
2227,1
2228,1
2229,1
2230,1
2231,1
2232,1
2233,1
2234,1
2235,1
2236,1
2237,1
2238,1
2239,1
2240,1
2241,1
2242,1
2243,1
2244,1
2245,1
2246,1
2247,1
2248,1
2249,1
2250,1
2251,1
2252,1
2253,1
2254,1
2255,1
2256,1
2257,1
2258,1
2259,1
2260,1
2261,1
2262,1
2263,1
2264,1
2265,1
2266,1
2267,1
2268,1
2269,1
2270,1
2271,1
2272,1
2273,1
2274,1
2275,1
2276,1
2277,1
2278,1
2279,1
2280,1
2281,1
2282,0
2283,1
2284,1
2285,1
2286,1
2287,1
2288,1
2289,1
2290,1
2291,1
2292,1
2293,1
2294,1
2295,1
2296,1
2297,1
2298,1
2299,1
2300,1
2301,1
2302,1
2303,1
2304,1
2305,1
2306,1
2307,1
2308,1
2309,1
2310,1
2311,0
2312,1
2313,1
2314,1
2315,1
2316,1
2317,1
2318,1
2319,1
2320,1
2321,1
2322,0
2323,0
2324,0
2325,0
2326,0
2327,0
2328,1
2329,1
2330,1
2331,1
2332,1
2333,1
2334,1
2335,1
2336,1
2337,1
2338,1
2339,1
2340,1
2341,0
2342,1
2343,0
2344,0
2345,1
2346,1
2347,1
2348,1
2349,1
2350,1
2351,1
2352,1
2353,1
2354,1
2355,1
2356,1
2357,1
2358,1
2359,0
2360,1
2361,1
2362,1
2363,1
2364,1
2365,1
2366,1
2367,1
2368,1
2369,1
2370,1
2371,1
2372,1
2373,1
2374,1
2375,1
2376,1
2377,1
2378,1
2379,1
2380,1
2381,1
2382,1
2383,1
2384,1
2385,0
2386,0
2387,0
2388,1
2389,1
2390,1
2391,1
2392,1
2393,1
2394,0
2395,1
2396,0
2397,1
2398,1
2399,0
2400,1
2401,1
2402,1
2403,1
2404,1
2405,1
2406,1
2407,1
2408,1
2409,1
2410,1
2411,1
2412,0
2413,0
2414,0
2415,1
2416,1
2417,1
2418,1
2419,1
2420,1
2421,1
2422,1
2423,1
2424,0
2425,1
2426,0
2427,0
2428,0
2429,0
2430,1
2431,1
2432,0
2433,1
2434,0
2435,1
2436,1
2437,1
2438,1
2439,0
2440,1
2441,0
2442,0
2443,0
2444,0
2445,1
2446,1
2447,1
2448,1
2449,1
2450,1
2451,1
2452,1
2453,1
2454,1
2455,1
2456,1
2457,1
2458,1
2459,0
2460,1
2461,1
2462,1
2463,1
2464,1
2465,1
2466,1
2467,1
2468,1
2469,1
2470,1
2471,0
2472,0
2473,0
2474,0
2475,0
2476,1
2477,0
2478,1
2479,0
2480,1
2481,1
2482,1
2483,1
2484,1
2485,1
2486,1
2487,1
2488,1
2489,1
2490,1
2491,1
2492,1
2493,1
2494,1
2495,1
2496,1
2497,1
2498,1
2499,1
2500,1
2501,0
2502,1
2503,0
2504,0
2505,1
2506,1
2507,0
2508,1
2509,0
2510,1
2511,1
2512,1
2513,1
2514,1
2515,1
2516,1
2517,1
2518,1
2519,1
2520,1
2521,1
2522,1
2523,1
2524,1
2525,1
2526,1
2527,0
2528,0
2529,0
2530,0
2531,0
2532,0
2533,0
2534,0
2535,1
2536,0
2537,0
2538,0
2539,0
2540,1
2541,0
2542,1
2543,1
2544,1
2545,1
2546,1
2547,1
2548,1
2549,1
2550,1
2551,1
2552,1
2553,1
2554,1
2555,1
2556,1
2557,1
2558,0
2559,1
2560,1
2561,1
2562,1
2563,1
2564,1
2565,0
2566,1
2567,1
2568,1
2569,1
2570,1
2571,1
2572,1
2573,1
2574,1
2575,1
2576,1
2577,1
2578,1
2579,1
2580,1
2581,1
2582,1
2583,1
2584,0
2585,1
2586,1
2587,1
2588,1
2589,1
2590,0
2591,0
2592,1
2593,0
2594,1
2595,1
2596,1
2597,1
2598,1
2599,1
2600,1
2601,1
2602,0
2603,1
2604,0
2605,0
2606,1
2607,0
2608,1
2609,1
2610,1
2611,1
2612,1
2613,1
2614,1
2615,1
2616,1
2617,1
2618,0
2619,1
2620,0
2621,1
2622,1
2623,1
2624,1
2625,1
2626,1
2627,1
2628,1
2629,1
2630,1
2631,1
2632,1
2633,0
2634,1
2635,1
2636,1
2637,1
2638,1
2639,1
2640,1
2641,1
2642,1
2643,1
2644,1
2645,1
2646,1
2647,0
2648,1
2649,1
2650,1
2651,0
2652,1
2653,1
2654,1
2655,0
2656,1
2657,1
2658,1
2659,1
2660,1
2661,1
2662,1
2663,1
2664,1
2665,1
2666,1
2667,1
2668,1
2669,1
2670,1
2671,1
2672,1
2673,1
2674,1
2675,1
2676,1
2677,0
2678,1
2679,0
2680,1
2681,0
2682,0
2683,0
2684,1
2685,1
2686,1
2687,1
2688,1
2689,1
2690,1
2691,1
2692,1
2693,1
2694,1
2695,1
2696,1
2697,0
2698,1
2699,0
2700,0
2701,1
2702,1
2703,1
2704,1
2705,1
2706,1
2707,1
2708,1
2709,1
2710,1
2711,1
2712,1
2713,1
2714,0
2715,0
2716,1
2717,1
2718,1
2719,1
2720,1
2721,1
2722,1
2723,1
2724,1
2725,1
2726,1
2727,1
2728,1
2729,1
2730,1
2731,1
2732,1
2733,1
2734,1
2735,1
2736,1
2737,1
2738,1
2739,1
2740,1
2741,1
2742,1
2743,1
2744,1
2745,1
2746,1
2747,1
2748,1
2749,1
2750,1
2751,1
2752,1
2753,1
2754,0
2755,1
2756,1
2757,1
2758,1
2759,1
2760,1
2761,1
2762,1
2763,1
2764,1
2765,1
2766,1
2767,1
2768,1
2769,1
2770,1
2771,1
2772,1
2773,1
2774,1
2775,1
2776,1
2777,0
2778,1
2779,1
2780,1
2781,0
2782,0
2783,0
2784,1
2785,1
2786,1
2787,1
2788,1
2789,0
2790,1
2791,1
2792,1
2793,1
2794,1
2795,1
2796,1
2797,1
2798,1
2799,1
2800,1
2801,1
2802,0
2803,1
2804,0
2805,1
2806,1
2807,1
2808,1
2809,1
2810,1
2811,0
2812,1
2813,1
2814,0
2815,1
2816,1
2817,1
2818,0
2819,1
2820,1
2821,0
2822,1
2823,1
2824,1
2825,0
2826,1
2827,1
2828,1
2829,1
2830,0
2831,1
2832,1
2833,0
2834,1
2835,0
2836,1
2837,1
2838,1
2839,1
2840,1
2841,1
2842,1
2843,1
2844,1
2845,1
2846,1
2847,0
2848,0
2849,0
2850,0
2851,0
2852,0
2853,0
2854,0
2855,1
2856,1
2857,0
2858,0
2859,0
2860,0
2861,0
2862,0
2863,0
2864,0
2865,0
2866,0
2867,0
2868,1
2869,1
2870,1
2871,0
2872,0
2873,0
2874,0
2875,0
2876,0
2877,0
2878,0
2879,0
2880,0
2881,0
2882,0
2883,0
2884,0
2885,0
2886,1
2887,1
2888,0
2889,0
2890,0
2891,0
2892,0
2893,1
2894,1
2895,0
2896,0
2897,0
2898,0
2899,1
2900,0
2901,1
2902,1
2903,1
2904,0
2905,0
2906,0
2907,0
2908,0
2909,1
2910,0
2911,0
2912,0
2913,0
2914,0
2915,0
2916,1
2917,0
2918,1
2919,1
2920,1
2921,1
2922,1
2923,1
2924,0
2925,0
2926,0
2927,0
2928,0
2929,0
2930,0
2931,0
2932,0
2933,0
2934,0
2935,0
2936,0
2937,0
2938,1
2939,1
2940,1
2941,0
2942,0
2943,0
2944,0
2945,0
2946,0
2947,0
2948,0
2949,0
2950,0
2951,0
2952,1
2953,1
2954,0
2955,0
2956,0
2957,0
2958,0
2959,0
2960,0
2961,0
2962,0
2963,0
2964,1
2965,1
2966,0
2967,0
2968,0
2969,0
2970,0
2971,0
2972,0
2973,0
2974,0
2975,0
2976,0
2977,1
2978,1
2979,0
2980,0
2981,0
2982,0
2983,0
2984,0
2985,0
2986,0
2987,0
2988,0
2989,1
2990,1
2991,0
2992,0
2993,0
2994,0
2995,0
2996,0
2997,0
2998,0
2999,0
3000,0
3001,0
3002,1
3003,1
3004,0
3005,0
3006,0
3007,0
3008,0
3009,0
3010,0
3011,0
3012,0
3013,0
3014,0
3015,1
3016,1
3017,0
3018,0
3019,0
3020,0
3021,0
3022,0
3023,0
3024,0
3025,0
3026,1
3027,1
3028,0
3029,0
3030,0
3031,0
3032,0
3033,0
3034,0
3035,0
3036,0
3037,1
3038,1
3039,0
3040,0
3041,0
3042,0
3043,0
3044,0
3045,0
3046,0
3047,0
3048,1
3049,1
3050,0
3051,0
3052,0
3053,0
3054,0
3055,1
3056,1
3057,0
3058,0
3059,0
3060,0
3061,0
3062,1
3063,1
3064,0
3065,0
3066,0
3067,0
3068,0
3069,1
3070,0
3071,0
3072,0
3073,0
3074,0
3075,0
3076,1
3077,1
3078,0
3079,0
3080,0
3081,0
3082,0
3083,1
3084,0
3085,0
3086,0
3087,0
3088,0
3089,0
3090,0
3091,0
3092,0
3093,0
3094,0
3095,0
3096,0
3097,0
3098,0
3099,0
3100,0
3101,0
3102,0
3103,1
3104,1
3105,0
3106,0
3107,0
3108,0
3109,0
3110,0
3111,0
3112,0
3113,0
3114,0
3115,0
3116,0
3117,0
3118,0
3119,0
3120,0
3121,0
3122,0
3123,1
3124,1
3125,1
3126,1
3127,1
3128,0
3129,0
3130,0
3131,0
3132,0
3133,0
3134,0
3135,0
3136,0
3137,0
3138,0
3139,0
3140,0
3141,0
3142,1
3143,1
3144,1
3145,1
3146,1
3147,1
3148,0
3149,0
3150,0
3151,0
3152,0
3153,0
3154,0
3155,0
3156,0
3157,0
3158,0
3159,0
3160,0
3161,0
3162,1
3163,1
3164,0
3165,1
3166,1
3167,1
3168,0
3169,1
3170,1
3171,1
3172,1
3173,1
3174,1
3175,1
3176,1
3177,1
3178,1
3179,1
3180,1
3181,1
3182,0
3183,1
3184,1
3185,0
3186,1
3187,1
3188,1
3189,1
3190,1
3191,1
3192,1
3193,1
3194,1
3195,1
3196,1
3197,1
3198,1
3199,1
3200,1
3201,1
3202,1
3203,1
3204,1
3205,1
3206,1
3207,1
3208,1
3209,1
3210,1
3211,1
3212,1
3213,1
3214,0
3215,1
3216,1
3217,1
3218,1
3219,1
3220,1
3221,1
3222,1
3223,1
3224,1
3225,1
3226,1
3227,1
3228,1
3229,1
3230,0
3231,0
3232,1
3233,1
3234,1
3235,1
3236,1
3237,0
3238,0
3239,1
3240,0
3241,0
3242,1
3243,0
3244,1
3245,1
3246,0
3247,0
3248,1
3249,1
3250,1
3251,1
3252,0
3253,1
3254,1
3255,1
3256,1
3257,1
3258,0
3259,1
3260,0
3261,1
3262,1
3263,0
3264,1
3265,1
3266,0
3267,1
3268,1
3269,1
3270,1
3271,1
3272,0
3273,1
3274,1
3275,1
3276,1
3277,1
3278,1
3279,1
3280,1
3281,1
3282,1
3283,1
3284,1
3285,1
3286,1
3287,1
3288,1
3289,1
3290,1
3291,1
3292,1
3293,0
3294,1
3295,1
3296,1
3297,1
3298,1
3299,1
3300,1
3301,0
3302,0
3303,1
3304,0
3305,0
3306,1
3307,1
3308,1
3309,0
3310,1
3311,1
3312,1
3313,0
3314,1
3315,0
3316,1
3317,1
3318,1
3319,1
3320,1
3321,1
3322,1
3323,1
3324,1
3325,1
3326,1
3327,1
3328,0
3329,1
3330,1
3331,1
3332,1
3333,1
3334,1
3335,1
3336,1
3337,1
3338,1
3339,1
3340,0
3341,1
3342,1
3343,1
3344,1
3345,0
3346,1
3347,1
3348,0
3349,1
3350,1
3351,1
3352,1
3353,1
3354,1
3355,0
3356,0
3357,1
3358,1
3359,1
3360,1
3361,1
3362,1
3363,1
3364,1
3365,0
3366,1
3367,1
3368,1
3369,1
3370,0
3371,0
3372,1
3373,1
3374,1
3375,1
3376,0
3377,1
3378,1
3379,1
3380,1
3381,1
3382,0
3383,0
3384,0
3385,1
3386,0
3387,1
3388,1
3389,1
3390,0
3391,0
3392,0
3393,0
3394,1
3395,1
3396,0
3397,0
3398,0
3399,1
3400,0
3401,1
3402,1
3403,1
3404,0
3405,0
3406,0
3407,0
3408,1
3409,1
3410,1
3411,1
3412,0
3413,1
3414,0
3415,1
3416,1
3417,1
3418,1
3419,1
3420,1
3421,1
3422,1
3423,1
3424,1
3425,1
3426,1
3427,1
3428,1
3429,1
3430,1
3431,1
3432,1
3433,1
3434,1
3435,1
3436,1
3437,1
3438,0
3439,1
3440,1
3441,0
3442,0
3443,1
3444,0
3445,1
3446,1
3447,0
3448,0
3449,1
3450,0
3451,0
3452,1
3453,1
3454,0
3455,1
3456,1
3457,1
3458,1
3459,0
3460,1
3461,0
3462,1
3463,1
3464,0
3465,1
3466,0
3467,0
3468,1
3469,1
3470,1
3471,1
3472,0
3473,1
3474,1
3475,1
3476,1
3477,0
3478,1
3479,0
3480,1
3481,1
3482,0
3483,0
3484,0
3485,1
3486,1
3487,0
3488,1
3489,1
3490,0
3491,0
3492,0
3493,0
3494,0
3495,1
3496,0
3497,1
3498,1
3499,0
3500,0
3501,1
3502,1
3503,0
3504,1
3505,1
3506,0
3507,0
3508,1
3509,0
3510,0
3511,0
3512,0
3513,0
3514,0
3515,1
3516,0
3517,0
3518,1
3519,0
3520,0
3521,1
3522,1
3523,0
3524,1
3525,0
3526,0
3527,1
3528,1
3529,1
3530,1
3531,1
3532,1
3533,0
3534,1
3535,0
3536,1
3537,1
3538,1
3539,0
3540,0
3541,1
3542,1
3543,1
3544,1
3545,1
3546,1
3547,1
3548,0
3549,1
3550,0
3551,1
3552,1
3553,1
3554,1
3555,1
3556,1
3557,1
3558,1
3559,1
3560,1
3561,1
3562,1
3563,1
3564,1
3565,1
3566,1
3567,1
3568,0
3569,0
3570,0
3571,1
3572,0
3573,0
3574,1
3575,0
3576,0
3577,1
3578,1
3579,1
3580,1
3581,0
3582,0
3583,1
3584,1
3585,1
3586,0
3587,1
3588,0
3589,1
3590,0
3591,1
3592,1
3593,0
3594,0
3595,0
3596,0
3597,0
3598,0
3599,0
3600,1
3601,1
3602,0
3603,1
3604,0
3605,0
3606,0
3607,0
3608,0
3609,0
3610,0
3611,0
3612,0
3613,0
3614,0
3615,0
3616,0
3617,0
3618,0
3619,0
3620,0
3621,0
3622,0
3623,0
3624,0
3625,0
3626,0
3627,0
3628,0
3629,0
3630,0
3631,0
3632,0
3633,0
3634,0
3635,0
3636,0
3637,0
3638,0
3639,0
3640,0
3641,0
3642,0
3643,0
3644,0
3645,0
3646,0
3647,0
3648,1
3649,1
3650,1
3651,1
3652,1
3653,1
3654,1
3655,1
3656,1
3657,1
3658,1
3659,1
3660,1
3661,1
3662,1
3663,1
3664,0
3665,0
3666,1
3667,1
3668,0
3669,0
3670,0
3671,0
3672,0
3673,0
3674,0
3675,0
3676,0
3677,0
3678,0
3679,0
3680,0
3681,0
3682,0
3683,0
3684,0
3685,0
3686,0
3687,0
3688,0
3689,0
3690,0
3691,0
3692,0
3693,0
3694,0
3695,0
3696,0
3697,0
3698,0
3699,0
3700,0
3701,0
3702,0
3703,0
3704,0
3705,0
3706,0
3707,0
3708,0
3709,0
3710,0
3711,0
3712,0
3713,0
3714,0
3715,0
3716,0
3717,0
3718,0
3719,0
3720,0
3721,0
3722,0
3723,0
3724,0
3725,0
3726,1
3727,1
3728,1
3729,1
3730,1
3731,1
3732,1
3733,1
3734,1
3735,1
3736,1
3737,1
3738,1
3739,0
3740,0
3741,0
3742,0
3743,1
3744,0
3745,1
3746,1
3747,0
3748,0
3749,0
3750,0
3751,0
3752,0
3753,0
3754,0
3755,0
3756,0
3757,0
3758,1
3759,1
3760,1
3761,1
3762,0
3763,1
3764,0
3765,0
3766,0
3767,1
3768,1
3769,1
3770,0
3771,1
3772,1
3773,1
3774,0
3775,1
3776,1
3777,1
3778,0
3779,0
3780,1
3781,1
3782,1
3783,0
3784,1
3785,1
3786,0
3787,0
3788,1
3789,1
3790,1
3791,0
3792,0
3793,1
3794,1
3795,1
3796,0
3797,1
3798,1
3799,1
3800,0
3801,1
3802,0
3803,0
3804,0
3805,1
3806,1
3807,1
3808,1
3809,0
3810,1
3811,0
3812,0
3813,0
3814,1
3815,1
3816,1
3817,1
3818,1
3819,1
3820,0
3821,0
3822,0
3823,1
3824,1
3825,1
3826,1
3827,0
3828,1
3829,0
3830,0
3831,0
3832,1
3833,1
3834,1
3835,1
3836,0
3837,1
3838,0
3839,0
3840,0
3841,1
3842,1
3843,1
3844,1
3845,1
3846,1
3847,0
3848,0
3849,0
3850,1
3851,1
3852,1
3853,0
3854,1
3855,1
3856,1
3857,0
3858,1
3859,1
3860,1
3861,0
3862,1
3863,1
3864,0
3865,0
3866,1
3867,1
3868,1
3869,0
3870,0
3871,0
3872,0
3873,0
3874,1
3875,1
3876,1
3877,0
3878,1
3879,1
3880,1
3881,0
3882,0
3883,0
3884,0
3885,0
3886,0
3887,0
3888,0
3889,0
3890,0
3891,0
3892,0
3893,0
3894,1
3895,0
3896,0
3897,0
3898,1
3899,1
3900,1
3901,1
3902,1
3903,1
3904,0
3905,0
3906,0
3907,0
3908,0
3909,0
3910,0
3911,0
3912,0
3913,0
3914,0
3915,0
3916,0
3917,0
3918,0
3919,0
3920,0
3921,0
3922,0
3923,0
3924,0
3925,0
3926,1
3927,1
3928,0
3929,0
3930,0
3931,0
3932,0
3933,0
3934,0
3935,1
3936,1
3937,0
3938,0
3939,0
3940,0
3941,0
3942,0
3943,0
3944,1
3945,1
3946,0
3947,0
3948,0
3949,0
3950,0
3951,0
3952,0
3953,0
3954,1
3955,1
3956,0
3957,0
3958,0
3959,0
3960,0
3961,0
3962,0
3963,1
3964,0
3965,0
3966,0
3967,0
3968,0
3969,0
3970,0
3971,0
3972,1
3973,1
3974,0
3975,0
3976,0
3977,0
3978,0
3979,0
3980,0
3981,0
3982,1
3983,1
3984,0
3985,0
3986,0
3987,0
3988,0
3989,0
3990,0
3991,1
3992,1
3993,1
3994,1
3995,1
3996,0
3997,0
3998,0
3999,0
4000,0
4001,0
4002,0
4003,0
4004,0
4005,0
4006,0
4007,0
4008,0
4009,0
4010,0
4011,0
4012,0
4013,0
4014,0
4015,0
4016,0
4017,0
4018,1
4019,1
4020,0
4021,1
4022,0
4023,0
4024,0
4025,0
4026,0
4027,0
4028,0
4029,0
4030,0
4031,0
4032,0
4033,0
4034,0
4035,0
4036,0
4037,1
4038,1
4039,1
4040,1
4041,1
4042,1
4043,0
4044,0
4045,0
4046,0
4047,0
4048,0
4049,0
4050,0
4051,0
4052,0
4053,0
4054,0
4055,0
4056,0
4057,0
4058,0
4059,0
4060,0
4061,0
4062,0
4063,0
4064,0
4065,1
4066,1
4067,0
4068,1
4069,0
4070,0
4071,0
4072,0
4073,0
4074,0
4075,0
4076,0
4077,0
4078,0
4079,0
4080,0
4081,0
4082,0
4083,0
4084,1
4085,1
4086,1
4087,1
4088,1
4089,1
4090,0
4091,0
4092,0
4093,0
4094,0
4095,0
4096,0
4097,0
4098,0
4099,0
4100,0
4101,0
4102,0
4103,0
4104,0
4105,0
4106,0
4107,0
4108,0
4109,0
4110,0
4111,0
4112,1
4113,1
4114,1
4115,1
4116,1
4117,1
4118,0
4119,0
4120,0
4121,0
4122,0
4123,0
4124,0
4125,0
4126,0
4127,0
4128,0
4129,0
4130,0
4131,0
4132,0
4133,0
4134,0
4135,0
4136,0
4137,0
4138,0
4139,0
4140,1
4141,1
4142,0
4143,0
4144,0
4145,0
4146,0
4147,0
4148,0
4149,1
4150,1
4151,0
4152,0
4153,0
4154,0
4155,0
4156,0
4157,0
4158,1
4159,1
4160,0
4161,0
4162,0
4163,0
4164,0
4165,0
4166,0
4167,1
4168,0
4169,0
4170,0
4171,0
4172,0
4173,0
4174,0
4175,0
4176,1
4177,1
4178,0
4179,0
4180,0
4181,0
4182,0
4183,0
4184,0
4185,0
4186,0
4187,0
4188,0
4189,0
4190,0
4191,0
4192,0
4193,0
4194,1
4195,1
4196,0
4197,0
4198,0
4199,0
4200,0
4201,0
4202,0
4203,1
4204,1
4205,0
4206,0
4207,0
4208,0
4209,0
4210,0
4211,0
4212,0
4213,0
4214,0
4215,0
4216,0
4217,0
4218,0
4219,0
4220,0
4221,0
4222,0
4223,0
4224,0
4225,0
4226,0
4227,0
4228,0
4229,0
4230,0
4231,0
4232,0
4233,0
4234,0
4235,0
4236,0
4237,0
4238,0
4239,0
4240,0
4241,0
4242,0
4243,0
4244,0
4245,0
4246,0
4247,0
4248,1
4249,1
4250,1
4251,1
4252,1
4253,1
4254,1
4255,0
4256,0
4257,1
4258,1
4259,1
4260,1
4261,1
4262,1
4263,1
4264,1
4265,1
4266,1
4267,1
4268,1
4269,1
4270,1
4271,1
4272,1
4273,1
4274,1
4275,1
4276,1
4277,1
4278,1
4279,1
4280,1
4281,1
4282,1
4283,1
4284,1
4285,1
4286,1
4287,1
4288,1
4289,1
4290,1
4291,1
4292,1
4293,1
4294,1
4295,0
4296,1
4297,0
4298,1
4299,0
4300,1
4301,0
4302,1
4303,1
4304,1
4305,0
4306,1
4307,1
4308,1
4309,1
4310,1
4311,1
4312,1
4313,1
4314,1
4315,1
4316,1
4317,1
4318,1
4319,1
4320,1
4321,1
4322,0
4323,1
4324,1
4325,1
4326,1
4327,0
4328,0
4329,0
4330,0
4331,1
4332,1
4333,1
4334,1
4335,0
4336,0
4337,0
4338,0
4339,1
4340,1
4341,0
4342,0
4343,1
4344,0
4345,0
4346,0
4347,1
4348,1
4349,1
4350,0
4351,1
4352,1
4353,1
4354,1
4355,1
4356,0
4357,0
4358,0
4359,0
4360,1
4361,1
4362,1
4363,1
4364,1
4365,1
4366,1
4367,1
4368,1
4369,1
4370,1
4371,0
4372,1
4373,0
4374,1
4375,1
4376,1
4377,1
4378,1
4379,1
4380,1
4381,1
4382,1
4383,1
4384,1
4385,1
4386,1
4387,1
4388,1
4389,1
4390,1
4391,1
4392,1
4393,1
4394,1
4395,1
4396,1
4397,1
4398,1
4399,1
4400,1
4401,0
4402,1
4403,0
4404,1
4405,0
4406,1
4407,1
4408,1
4409,1
4410,1
4411,1
4412,1
4413,1
4414,1
4415,1
4416,1
4417,1
4418,0
4419,1
4420,0
4421,1
4422,1
4423,1
4424,1
4425,1
4426,1
4427,0
4428,1
4429,0
4430,1
4431,0
4432,0
4433,0
4434,0
4435,0
4436,1
4437,0
4438,1
4439,0
4440,1
4441,0
4442,1
4443,1
4444,1
4445,1
4446,0
4447,1
4448,0
4449,0
4450,0
4451,1
4452,1
4453,1
4454,1
4455,1
4456,1
4457,1
4458,1
4459,1
4460,1
4461,1
4462,0
4463,0
4464,0
4465,0
4466,1
4467,1
4468,1
4469,1
4470,1
4471,1
4472,1
4473,1
4474,1
4475,1
4476,1
4477,0
4478,0
4479,0
4480,0
4481,1
4482,0
4483,1
4484,0
4485,1
4486,0
4487,1
4488,1
4489,1
4490,1
4491,1
4492,1
4493,1
4494,1
4495,0
4496,0
4497,0
4498,0
4499,0
4500,0
4501,0
4502,0
4503,1
4504,1
4505,1
4506,1
4507,1
4508,1
4509,1
4510,1
4511,0
4512,0
4513,0
4514,0
4515,0
4516,0
4517,0
4518,0
4519,1
4520,1
4521,1
4522,1
4523,1
4524,0
4525,0
4526,0
4527,1
4528,0
4529,0
4530,0
4531,0
4532,0
4533,0
4534,0
4535,1
4536,1
4537,1
4538,1
4539,1
4540,1
4541,0
4542,0
4543,0
4544,0
4545,0
4546,0
4547,0
4548,0
4549,0
4550,0
4551,0
4552,0
4553,0
4554,0
4555,0
4556,0
4557,0
4558,0
4559,0
4560,0
4561,0
4562,0
4563,0
4564,0
4565,0
4566,0
4567,0
4568,0
4569,0
4570,0
4571,0
4572,0
4573,0
4574,0
4575,0
4576,0
4577,0
4578,0
4579,0
4580,0
4581,0
4582,0
4583,0
4584,0
4585,0
4586,0
4587,0
4588,0
4589,0
4590,0
4591,0
4592,0
4593,0
4594,0
4595,0
4596,0
4597,0
4598,0
4599,0
4600,0
4601,0
4602,0
4603,0
4604,0
4605,0
4606,0
4607,0
4608,0
4609,0
4610,0
4611,0
4612,0
4613,0
4614,0
4615,0
4616,0
4617,1
4618,1
4619,1
4620,0
4621,0
4622,0
4623,0
4624,0
4625,0
4626,1
4627,1
4628,0
4629,0
4630,0
4631,0
4632,0
4633,0
4634,0
4635,0
4636,1
4637,1
4638,1
4639,1
4640,1
4641,1
4642,1
4643,1
4644,1
4645,1
4646,1
4647,1
4648,1
4649,0
4650,0
4651,1
4652,1
4653,1
4654,1
4655,0
4656,0
4657,0
4658,0
4659,0
4660,1
4661,1
4662,0
4663,0
4664,0
4665,0
4666,1
4667,0
4668,0
4669,0
4670,1
4671,1
4672,1
4673,1
4674,0
4675,0
4676,1
4677,1
4678,1
4679,1
4680,0
4681,0
4682,1
4683,1
4684,1
4685,1
4686,1
4687,1
4688,1
4689,1
4690,0
4691,0
4692,0
4693,0
4694,1
4695,1
4696,0
4697,0
4698,0
4699,0
4700,0
4701,1
4702,0
4703,1
4704,1
4705,0
4706,0
4707,0
4708,0
4709,1
4710,0
4711,0
4712,0
4713,1
4714,1
4715,1
4716,1
4717,0
4718,0
4719,0
4720,1
4721,1
4722,1
4723,0
4724,1
4725,0
4726,1
4727,1
4728,1
4729,1
4730,1
4731,0
4732,1
4733,1
4734,0
4735,1
4736,0
4737,1
4738,1
4739,0
4740,1
4741,1
4742,0
4743,0
4744,0
4745,0
4746,1
4747,1
4748,1
4749,0
4750,1
4751,1
4752,0
4753,0
4754,0
4755,0
4756,0
4757,1
4758,1
4759,1
4760,1
4761,1
4762,1
4763,1
4764,0
4765,0
4766,1
4767,1
4768,1
4769,1
4770,1
4771,1
4772,1
4773,1
4774,0
4775,0
4776,0
4777,0
4778,0
4779,0
4780,1
4781,0
4782,0
4783,1
4784,0
4785,0
4786,0
4787,0
4788,0
4789,0
4790,1
4791,0
4792,0
4793,1
4794,0
4795,0
4796,1
4797,1
4798,0
4799,1
4800,1
4801,0
4802,1
4803,1
4804,1
4805,1
4806,0
4807,0
4808,1
4809,1
4810,0
4811,0
4812,0
4813,0
4814,0
4815,0
4816,0
4817,0
4818,0
4819,0
4820,0
4821,0
4822,0
4823,0
4824,0
4825,0
4826,0
4827,0
4828,0
4829,0
4830,0
4831,0
4832,0
4833,0
4834,0
4835,0
4836,0
4837,0
4838,0
4839,0
4840,0
4841,0
4842,0
4843,0
4844,0
4845,0
4846,0
4847,0
4848,0
4849,0
4850,0
4851,0
4852,0
4853,0
4854,0
4855,0
4856,0
4857,0
4858,0
4859,0
4860,0
4861,0
4862,0
4863,0
4864,0
4865,0
4866,0
4867,0
4868,0
4869,0
4870,0
4871,0
4872,0
4873,0
4874,0
4875,0
4876,0
4877,0
4878,0
4879,0
4880,0
4881,0
4882,0
4883,0
4884,0
4885,0
4886,0
4887,0
4888,0
4889,0
4890,0
4891,0
4892,0
4893,0
4894,0
4895,0
4896,0
4897,0
4898,0
4899,0
4900,0
4901,0
4902,0
4903,0
4904,0
4905,0
4906,0
4907,0
4908,0
4909,0
4910,0
4911,0
4912,0
4913,0
4914,0
4915,0
4916,0
4917,0
4918,0
4919,0
4920,0
4921,0
4922,0
4923,0
4924,0
4925,0
4926,0
4927,0
4928,0
4929,0
4930,0
4931,0
4932,0
4933,0
4934,0
4935,0
4936,0
4937,0
4938,1
4939,1
4940,1
4941,1
4942,1
4943,1
4944,1
4945,1
4946,1
4947,1
4948,1
4949,1
4950,1
4951,1
4952,1
4953,1
4954,1
4955,1
4956,1
4957,1
4958,1
4959,1
4960,1
4961,1
4962,1
4963,1
4964,0
4965,1
4966,1
4967,1
4968,1
4969,0
4970,1
4971,1
4972,1
4973,1
4974,1
4975,1
4976,1
4977,1
4978,1
4979,1
4980,1
4981,1
4982,1
4983,0
4984,1
4985,1
4986,1
4987,1
4988,1
4989,1
4990,0
4991,1
4992,1
4993,1
4994,0
4995,0
4996,0
4997,1
4998,0
4999,1
5000,0
5001,1
5002,1
5003,1
5004,0
5005,1
5006,1
5007,1
5008,1
5009,1
5010,1
5011,1
5012,1
5013,1
5014,1
5015,1
5016,1
5017,1
5018,1
5019,1
5020,1
5021,1
5022,1
5023,1
5024,1
5025,1
5026,1
5027,1
5028,1
5029,1
5030,1
5031,1
5032,1
5033,1
5034,1
5035,1
5036,1
5037,1
5038,0
5039,1
5040,1
5041,1
5042,1
5043,0
5044,1
5045,1
5046,1
5047,1
5048,1
5049,1
5050,1
5051,1
5052,1
5053,1
5054,1
5055,1
5056,1
5057,1
5058,1
5059,0
5060,1
5061,1
5062,1
5063,1
5064,1
5065,1
5066,0
5067,1
5068,1
5069,1
5070,0
5071,0
5072,0
5073,1
5074,0
5075,0
5076,0
5077,1
5078,1
5079,1
5080,0
5081,1
5082,1
5083,1
5084,0
5085,1
5086,1
5087,1
5088,1
5089,1
5090,1
5091,1
5092,1
5093,1
5094,1
5095,1
5096,1
5097,1
5098,0
5099,1
5100,1
5101,1
5102,1
5103,1
5104,0
5105,0
5106,0
5107,0
5108,0
5109,1
5110,0
5111,1
5112,0
5113,1
5114,1
5115,1
5116,0
5117,1
5118,1
5119,1
5120,1
5121,1
5122,1
5123,1
5124,1
5125,1
5126,0
5127,1
5128,1
5129,1
5130,1
5131,1
5132,0
5133,0
5134,0
5135,0
5136,0
5137,1
5138,0
5139,1
5140,0
5141,1
5142,1
5143,1
5144,1
5145,1
5146,0
5147,1
5148,1
5149,1
5150,1
5151,1
5152,1
5153,1
5154,1
5155,1
5156,0
5157,0
5158,1
5159,0
5160,1
5161,1
5162,0
5163,0
5164,0
5165,0
5166,0
5167,0
5168,0
5169,0
5170,0
5171,1
5172,1
5173,0
5174,0
5175,0
5176,0
5177,0
5178,1
5179,0
5180,1
5181,1
5182,1
5183,1
5184,1
5185,0
5186,0
5187,0
5188,0
5189,0
5190,0
5191,0
5192,0
5193,0
5194,0
5195,0
5196,0
5197,0
5198,0
5199,0
5200,0
5201,0
5202,1
5203,0
5204,0
5205,0
5206,0
5207,0
5208,0
5209,0
5210,1
5211,1
5212,1
5213,1
5214,1
5215,1
5216,1
5217,1
5218,1
5219,1
5220,1
5221,1
5222,1
5223,1
5224,1
5225,1
5226,1
5227,1
5228,1
5229,0
5230,0
5231,0
5232,0
5233,0
5234,0
5235,0
5236,0
5237,1
5238,1
5239,1
5240,1
5241,1
5242,1
5243,1
5244,1
5245,1
5246,1
5247,1
5248,1
5249,1
5250,0
5251,0
5252,0
5253,0
5254,0
5255,0
5256,1
5257,0
5258,0
5259,0
5260,0
5261,0
5262,0
5263,0
5264,0
5265,0
5266,0
5267,0
5268,0
5269,0
5270,0
5271,0
5272,0
5273,0
5274,0
5275,0
5276,0
5277,0
5278,0
5279,0
5280,1
5281,1
5282,1
5283,1
5284,1
5285,1
5286,1
5287,1
5288,1
5289,1
5290,1
5291,1
5292,1
5293,1
5294,1
5295,1
5296,1
5297,1
5298,1
5299,1
5300,1
5301,1
5302,0
5303,0
5304,0
5305,0
5306,0
5307,0
5308,1
5309,1
5310,1
5311,1
5312,1
5313,1
5314,1
5315,1
5316,1
5317,1
5318,1
5319,1
5320,1
5321,0
5322,0
5323,0
5324,0
5325,0
5326,0
5327,0
5328,0
5329,1
5330,1
5331,1
5332,1
5333,0
5334,1
5335,1
5336,1
5337,0
5338,0
5339,0
5340,0
5341,0
5342,1
5343,1
5344,1
5345,1
5346,0
5347,0
5348,1
5349,1
5350,1
5351,1
5352,0
5353,0
5354,0
5355,0
5356,1
5357,0
5358,1
5359,1
5360,0
5361,0
5362,1
5363,0
5364,1
5365,1
5366,0
5367,0
5368,0
5369,1
5370,0
5371,0
5372,0
5373,0
5374,0
5375,0
5376,0
5377,0
5378,0
5379,0
5380,0
5381,0
5382,1
5383,1
5384,0
5385,0
5386,0
5387,0
5388,0
5389,1
5390,0
5391,1
5392,1
5393,1
5394,1
5395,1
5396,1
5397,1
5398,1
5399,1
5400,1
5401,1
5402,0
5403,0
5404,0
5405,0
5406,0
5407,0
5408,0
5409,0
5410,0
5411,0
5412,0
5413,0
5414,0
5415,0
5416,1
5417,0
5418,0
5419,0
5420,0
5421,0
5422,0
5423,0
5424,0
5425,0
5426,0
5427,0
5428,0
5429,1
5430,1
5431,1
5432,1
5433,1
5434,1
5435,1
5436,1
5437,1
5438,1
5439,1
5440,1
5441,1
5442,1
5443,1
5444,1
5445,1
5446,1
5447,1
5448,1
5449,1
5450,1
5451,1
5452,1
5453,0
5454,0
5455,0
5456,0
5457,0
5458,0
5459,0
5460,0
5461,0
5462,0
5463,0
5464,0
5465,0
5466,0
5467,0
5468,1
5469,0
5470,1
5471,1
5472,0
5473,0
5474,1
5475,1
5476,1
5477,0
5478,0
5479,1
5480,1
5481,1
5482,1
5483,1
5484,1
5485,1
5486,1
5487,1
5488,1
5489,1
5490,1
5491,1
5492,1
5493,0
5494,0
5495,0
5496,0
5497,0
5498,0
5499,0
5500,0
5501,0
5502,0
5503,0
5504,0
5505,0
5506,1
5507,0
5508,0
5509,1
5510,1
5511,1
5512,1
5513,1
5514,1
5515,1
5516,1
5517,0
5518,0
5519,1
5520,1
5521,0
5522,0
5523,0
5524,0
5525,0
5526,0
5527,1
5528,0
5529,0
5530,1
5531,1
5532,1
5533,1
5534,1
5535,1
5536,1
5537,1
5538,0
5539,1
5540,1
5541,1
5542,0
5543,0
5544,0
5545,0
5546,0
5547,0
5548,1
5549,0
5550,0
5551,1
5552,1
5553,1
5554,1
5555,1
5556,1
5557,1
5558,1
5559,0
5560,1
5561,1
5562,1
5563,0
5564,0
5565,0
5566,0
5567,0
5568,0
5569,1
5570,0
5571,0
5572,1
5573,1
5574,1
5575,1
5576,1
5577,1
5578,1
5579,1
5580,0
5581,1
5582,1
5583,1
5584,0
5585,0
5586,0
5587,0
5588,0
5589,0
5590,1
5591,0
5592,0
5593,1
5594,1
5595,1
5596,1
5597,1
5598,1
5599,1
5600,1
5601,0
5602,1
5603,1
5604,1
5605,0
5606,0
5607,0
5608,0
5609,0
5610,0
5611,1
5612,0
5613,0
5614,1
5615,1
5616,1
5617,1
5618,1
5619,1
5620,1
5621,1
5622,0
5623,1
5624,1
5625,1
5626,0
5627,0
5628,0
5629,0
5630,0
5631,0
5632,1
5633,1
5634,0
5635,0
5636,0
5637,0
5638,0
5639,0
5640,0
5641,0
5642,0
5643,0
5644,0
5645,0
5646,0
5647,0
5648,0
5649,1
5650,0
5651,0
5652,0
5653,0
5654,0
5655,0
5656,0
5657,1
5658,1
5659,1
5660,1
5661,1
5662,1
5663,1
5664,1
5665,1
5666,1
5667,1
5668,1
5669,1
5670,1
5671,1
5672,1
5673,0
5674,0
5675,0
5676,0
5677,0
5678,0
5679,0
5680,0
5681,1
5682,0
5683,1
5684,1
5685,1
5686,1
5687,1
5688,1
5689,1
5690,1
5691,1
5692,1
5693,0
5694,1
5695,0
5696,0
5697,0
5698,0
5699,0
5700,0
5701,0
5702,0
5703,0
5704,0
5705,0
5706,0
5707,0
5708,1
5709,0
5710,0
5711,0
5712,0
5713,0
5714,0
5715,0
5716,1
5717,1
5718,1
5719,1
5720,1
5721,1
5722,1
5723,1
5724,1
5725,1
5726,1
5727,1
5728,1
5729,1
5730,1
5731,1
5732,1
5733,1
5734,1
5735,0
5736,0
5737,0
5738,0
5739,0
5740,0
5741,0
5742,1
5743,1
5744,1
5745,1
5746,1
5747,1
5748,1
5749,1
5750,1
5751,1
5752,1
5753,1
5754,0
5755,0
5756,0
5757,0
5758,0
5759,0
5760,1
5761,0
5762,0
5763,0
5764,0
5765,0
5766,0
5767,0
5768,0
5769,0
5770,0
5771,0
5772,0
5773,0
5774,0
5775,0
5776,0
5777,0
5778,0
5779,0
5780,0
5781,0
5782,0
5783,0
5784,0
5785,1
5786,1
5787,1
5788,1
5789,1
5790,1
5791,1
5792,1
5793,1
5794,1
5795,1
5796,1
5797,1
5798,1
5799,1
5800,1
5801,1
5802,1
5803,1
5804,0
5805,0
5806,0
5807,0
5808,0
5809,0
5810,0
5811,0
5812,1
5813,1
5814,1
5815,1
5816,1
5817,1
5818,1
5819,1
5820,1
5821,1
5822,1
5823,1
5824,1
5825,0
5826,0
5827,0
5828,0
5829,0
5830,0
5831,1
5832,0
5833,0
5834,0
5835,0
5836,0
5837,0
5838,0
5839,0
5840,0
5841,0
5842,0
5843,0
5844,0
5845,1
5846,0
5847,0
5848,0
5849,0
5850,0
5851,0
5852,0
5853,1
5854,1
5855,0
5856,1
5857,1
5858,1
5859,1
5860,1
5861,1
5862,1
5863,1
5864,1
5865,1
5866,1
5867,1
5868,1
5869,1
5870,1
5871,1
5872,0
5873,0
5874,0
5875,0
5876,0
5877,0
5878,0
5879,1
5880,1
5881,1
5882,1
5883,1
5884,1
5885,1
5886,1
5887,1
5888,1
5889,1
5890,1
5891,0
5892,0
5893,0
5894,0
5895,0
5896,0
5897,1
5898,1
5899,0
5900,0
5901,0
5902,0
5903,0
5904,0
5905,0
5906,0
5907,0
5908,0
5909,0
5910,0
5911,0
5912,0
5913,0
5914,0
5915,0
5916,1
5917,0
5918,0
5919,0
5920,0
5921,0
5922,0
5923,0
5924,1
5925,1
5926,1
5927,1
5928,1
5929,1
5930,1
5931,1
5932,1
5933,1
5934,1
5935,1
5936,1
5937,1
5938,1
5939,1
5940,1
5941,1
5942,1
5943,0
5944,0
5945,0
5946,0
5947,0
5948,0
5949,0
5950,0
5951,1
5952,1
5953,1
5954,1
5955,1
5956,1
5957,1
5958,1
5959,1
5960,1
5961,1
5962,1
5963,1
5964,0
5965,0
5966,0
5967,0
5968,0
5969,0
5970,1
5971,1
5972,0
5973,0
5974,0
5975,0
5976,0
5977,0
5978,0
5979,0
5980,0
5981,0
5982,0
5983,0
5984,0
5985,0
5986,0
5987,0
5988,0
5989,1
5990,0
5991,0
5992,0
5993,0
5994,0
5995,0
5996,0
5997,1
5998,1
5999,1
6000,1
6001,1
6002,1
6003,1
6004,1
6005,1
6006,1
6007,1
6008,1
6009,1
6010,1
6011,1
6012,1
6013,1
6014,1
6015,1
6016,0
6017,0
6018,0
6019,0
6020,0
6021,0
6022,0
6023,0
6024,1
6025,0
6026,1
6027,1
6028,1
6029,1
6030,1
6031,1
6032,1
6033,1
6034,1
6035,1
6036,1
6037,0
6038,0
6039,0
6040,0
6041,0
6042,0
6043,0
6044,0
6045,0
6046,0
6047,0
6048,0
6049,0
6050,0
6051,0
6052,0
6053,0
6054,0
6055,0
6056,0
6057,1
6058,1
6059,1
6060,1
6061,1
6062,1
6063,1
6064,1
6065,1
6066,0
6067,0
6068,0
6069,1
6070,1
6071,1
6072,1
6073,1
6074,1
6075,0
6076,0
6077,0
6078,0
6079,0
6080,0
6081,0
6082,0
6083,0
6084,0
6085,0
6086,0
6087,0
6088,0
6089,1
6090,1
6091,1
6092,1
6093,1
6094,0
6095,1
6096,1
6097,1
6098,0
6099,0
6100,0
6101,1
6102,1
6103,1
6104,1
6105,1
6106,1
6107,0
6108,0
6109,0
6110,0
6111,0
6112,0
6113,0
6114,0
6115,0
6116,0
6117,0
6118,0
6119,0
6120,0
6121,1
6122,1
6123,1
6124,1
6125,1
6126,1
6127,1
6128,1
6129,1
6130,0
6131,0
6132,0
6133,1
6134,1
6135,1
6136,1
6137,1
6138,1
6139,0
6140,0
6141,1
6142,1
6143,1
6144,0
6145,0
6146,1
6147,1
6148,1
6149,0
6150,0
6151,0
6152,0
6153,1
6154,1
6155,1
6156,1
6157,0
6158,1
6159,1
6160,1
6161,0
6162,0
6163,0
6164,0
6165,1
6166,1
6167,1
6168,1
6169,0
6170,1
6171,1
6172,0
6173,0
6174,0
6175,0
6176,0
6177,1
6178,1
6179,1
6180,1
6181,0
6182,1
6183,1
6184,1
6185,0
6186,0
6187,0
6188,0
6189,1
6190,1
6191,1
6192,1
6193,0
6194,1
6195,1
6196,1
6197,0
6198,0
6199,1
6200,1
6201,1
6202,1
6203,0
6204,0
6205,0
6206,0
6207,0
6208,0
6209,0
6210,0
6211,0
6212,0
6213,0
6214,0
6215,0
6216,0
6217,1
6218,0
6219,0
6220,0
6221,0
6222,0
6223,0
6224,0
6225,0
6226,0
6227,0
6228,0
6229,0
6230,1
6231,1
6232,1
6233,1
6234,1
6235,1
6236,1
6237,1
6238,1
6239,1
6240,1
6241,1
6242,1
6243,1
6244,1
6245,1
6246,1
6247,1
6248,1
6249,1
6250,1
6251,1
6252,1
6253,1
6254,0
6255,0
6256,0
6257,0
6258,0
6259,0
6260,0
6261,0
6262,0
6263,0
6264,0
6265,0
6266,0
6267,0
6268,0
6269,1
6270,1
6271,1
6272,1
6273,0
6274,0
6275,1
6276,1
6277,1
6278,0
6279,0
6280,0
6281,0
6282,1
6283,1
6284,1
6285,1
6286,1
6287,1
6288,1
6289,1
6290,1
6291,1
6292,1
6293,1
6294,0
6295,0
6296,0
6297,0
6298,0
6299,0
6300,0
6301,0
6302,0
6303,0
6304,0
6305,0
6306,0
6307,1
6308,1
6309,1
6310,1
6311,0
6312,0
6313,0
6314,0
6315,0
6316,0
6317,0
6318,0
6319,0
6320,0
6321,0
6322,0
6323,0
6324,0
6325,1
6326,0
6327,0
6328,0
6329,0
6330,0
6331,0
6332,0
6333,0
6334,0
6335,0
6336,0
6337,0
6338,1
6339,1
6340,1
6341,1
6342,1
6343,1
6344,1
6345,1
6346,1
6347,1
6348,1
6349,1
6350,1
6351,1
6352,1
6353,1
6354,1
6355,1
6356,1
6357,1
6358,1
6359,1
6360,1
6361,1
6362,0
6363,0
6364,0
6365,0
6366,0
6367,0
6368,0
6369,0
6370,0
6371,0
6372,0
6373,0
6374,0
6375,0
6376,0
6377,1
6378,0
6379,0
6380,1
6381,0
6382,0
6383,1
6384,1
6385,1
6386,0
6387,0
6388,1
6389,1
6390,1
6391,0
6392,1
6393,1
6394,1
6395,1
6396,1
6397,1
6398,1
6399,1
6400,1
6401,1
6402,0
6403,0
6404,0
6405,0
6406,0
6407,0
6408,0
6409,0
6410,0
6411,0
6412,0
6413,0
6414,0
6415,1
6416,1
6417,1
6418,1
6419,0
6420,0
6421,0
6422,0
6423,0
6424,0
6425,0
6426,0
6427,0
6428,0
6429,0
6430,0
6431,0
6432,0
6433,1
6434,0
6435,0
6436,0
6437,0
6438,0
6439,0
6440,0
6441,0
6442,0
6443,0
6444,0
6445,0
6446,1
6447,1
6448,1
6449,1
6450,1
6451,1
6452,1
6453,1
6454,1
6455,1
6456,1
6457,1
6458,1
6459,1
6460,1
6461,1
6462,1
6463,1
6464,1
6465,1
6466,1
6467,1
6468,1
6469,1
6470,0
6471,0
6472,0
6473,0
6474,0
6475,0
6476,0
6477,0
6478,0
6479,0
6480,0
6481,0
6482,0
6483,0
6484,0
6485,1
6486,1
6487,1
6488,1
6489,0
6490,0
6491,1
6492,1
6493,1
6494,0
6495,0
6496,1
6497,1
6498,1
6499,1
6500,1
6501,1
6502,1
6503,1
6504,1
6505,1
6506,1
6507,1
6508,1
6509,1
6510,0
6511,0
6512,0
6513,0
6514,0
6515,0
6516,0
6517,0
6518,0
6519,0
6520,0
6521,0
6522,0
6523,1
6524,1
6525,1
6526,1
6527,0
6528,0
6529,0
6530,0
6531,0
6532,0
6533,0
6534,0
6535,0
6536,0
6537,0
6538,0
6539,0
6540,0
6541,1
6542,0
6543,0
6544,0
6545,0
6546,0
6547,0
6548,0
6549,0
6550,0
6551,0
6552,0
6553,0
6554,1
6555,1
6556,1
6557,1
6558,1
6559,1
6560,1
6561,1
6562,1
6563,1
6564,1
6565,1
6566,1
6567,1
6568,1
6569,1
6570,1
6571,1
6572,1
6573,1
6574,1
6575,1
6576,1
6577,1
6578,0
6579,0
6580,0
6581,0
6582,0
6583,0
6584,0
6585,0
6586,0
6587,0
6588,0
6589,0
6590,0
6591,0
6592,0
6593,1
6594,1
6595,1
6596,1
6597,0
6598,0
6599,1
6600,1
6601,1
6602,0
6603,0
6604,1
6605,1
6606,1
6607,1
6608,1
6609,1
6610,1
6611,1
6612,1
6613,1
6614,1
6615,1
6616,1
6617,1
6618,0
6619,0
6620,0
6621,0
6622,0
6623,0
6624,0
6625,0
6626,0
6627,0
6628,0
6629,0
6630,0
6631,1
6632,1
6633,1
6634,1
6635,1
6636,1
6637,1
6638,1
6639,1
6640,1
6641,1
6642,1
6643,1
6644,0
6645,1
6646,0
6647,0
6648,0
6649,0
6650,0
6651,0
6652,0
6653,0
6654,0
6655,1
6656,1
6657,1
6658,1
6659,0
6660,0
6661,0
6662,0
6663,0
6664,0
6665,0
6666,0
6667,1
6668,1
6669,0
6670,0
6671,0
6672,0
6673,0
6674,0
6675,0
6676,0
6677,0
6678,0
6679,0
6680,1
6681,0
6682,1
6683,1
6684,1
6685,1
6686,1
6687,1
6688,1
6689,1
6690,1
6691,1
6692,1
6693,1
6694,1
6695,1
6696,1
6697,1
6698,0
6699,0
6700,0
6701,0
6702,0
6703,0
6704,0
6705,0
6706,0
6707,0
6708,0
6709,0
6710,0
6711,0
6712,0
6713,0
6714,0
6715,0
6716,0
6717,0
6718,0
6719,0
6720,0
6721,0
6722,0
6723,0
6724,0
6725,0
6726,0
6727,0
6728,0
6729,0
6730,0
6731,0
6732,0
6733,0
6734,0
6735,0
6736,0
6737,0
6738,0
6739,0
6740,0
6741,0
6742,1
6743,1
6744,1
6745,1
6746,1
6747,1
6748,1
6749,1
6750,1
6751,1
6752,1
6753,1
6754,1
6755,1
6756,1
6757,1
6758,1
6759,1
6760,1
6761,1
6762,0
6763,0
6764,0
6765,0
6766,0
6767,0
6768,0
6769,0
6770,0
6771,0
6772,0
6773,0
6774,0
6775,0
6776,0
6777,0
6778,0
6779,0
6780,1
6781,1
6782,1
6783,1
6784,1
6785,1
6786,0
6787,0
6788,0
6789,0
6790,0
6791,0
6792,0
6793,0
6794,0
6795,0
6796,0
6797,0
6798,0
6799,1
6800,0
6801,0
6802,0
6803,0
6804,0
6805,0
6806,1
6807,1
6808,0
6809,0
6810,0
6811,0
6812,0
6813,0
6814,0
6815,0
6816,0
6817,1
6818,1
6819,1
6820,0
6821,0
6822,0
6823,0
6824,0
6825,0
6826,0
6827,0
6828,0
6829,1
6830,1
6831,1
6832,1
6833,1
6834,0
6835,0
6836,0
6837,0
6838,1
6839,1
6840,1
6841,1
6842,0
6843,0
6844,0
6845,0
6846,0
6847,0
6848,0
6849,0
6850,0
6851,0
6852,0
6853,0
6854,0
6855,0
6856,1
6857,0
6858,0
6859,0
6860,0
6861,0
6862,0
6863,0
6864,0
6865,0
6866,0
6867,0
6868,1
6869,1
6870,0
6871,0
6872,0
6873,0
6874,1
6875,1
6876,0
6877,0
6878,0
6879,0
6880,0
6881,0
6882,0
6883,0
6884,0
6885,0
6886,0
6887,0
6888,1
6889,0
6890,1
6891,0
6892,1
6893,0
6894,1
6895,0
6896,1
6897,0
6898,1
6899,0
6900,1
6901,1
6902,1
6903,1
6904,1
6905,1
6906,1
6907,1
6908,1
6909,1
6910,1
6911,1
6912,1
6913,1
6914,1
6915,1
6916,1
6917,1
6918,1
6919,1
6920,1
6921,1
6922,1
6923,1
6924,1
6925,1
6926,1
6927,1
6928,1
6929,1
6930,1
6931,1
6932,0
6933,0
6934,0
6935,0
6936,0
6937,0
6938,0
6939,0
6940,0
6941,0
6942,0
6943,0
6944,0
6945,0
6946,0
6947,0
6948,0
6949,0
6950,0
6951,0
6952,0
6953,0
6954,0
6955,0
6956,0
6957,0
6958,0
6959,0
6960,0
6961,0
6962,0
6963,0
6964,0
6965,0
6966,0
6967,0
6968,0
6969,1
6970,0
6971,0
6972,0
6973,1
6974,0
6975,0
6976,0
6977,0
6978,0
6979,0
6980,0
6981,1
6982,1
6983,1
6984,1
6985,1
6986,1
6987,1
6988,1
6989,1
6990,0
6991,0
6992,0
6993,1
6994,1
6995,1
6996,1
6997,1
6998,1
6999,1
7000,0
7001,0
7002,0
7003,1
7004,1
7005,1
7006,1
7007,1
7008,1
7009,1
7010,0
7011,0
7012,0
7013,1
7014,1
7015,1
7016,1
7017,1
7018,1
7019,1
7020,0
7021,0
7022,0
7023,1
7024,1
7025,1
7026,1
7027,1
7028,1
7029,1
7030,0
7031,0
7032,0
7033,1
7034,1
7035,1
7036,1
7037,1
7038,1
7039,1
7040,0
7041,0
7042,0
7043,1
7044,0
7045,1
7046,1
7047,1
7048,1
7049,1
7050,1
7051,1
7052,1
7053,1
7054,1
7055,1
7056,1
7057,1
7058,1
7059,0
7060,0
7061,0
7062,0
7063,0
7064,0
7065,0
7066,0
7067,0
7068,0
7069,0
7070,0
7071,0
7072,0
7073,0
7074,0
7075,0
7076,0
7077,0
7078,0
7079,0
7080,0
7081,0
7082,0
7083,0
7084,0
7085,0
7086,0
7087,0
7088,0
7089,0
7090,0
7091,0
7092,0
7093,0
7094,0
7095,0
7096,0
7097,0
7098,0
7099,0
7100,1
7101,1
7102,1
7103,1
7104,1
7105,1
7106,1
7107,1
7108,1
7109,1
7110,1
7111,1
7112,1
7113,1
7114,1
7115,1
7116,0
7117,0
7118,0
7119,0
7120,0
7121,0
7122,0
7123,0
7124,0
7125,0
7126,0
7127,0
7128,0
7129,0
7130,0
7131,0
7132,0
7133,0
7134,0
7135,0
7136,0
7137,0
7138,0
7139,0
7140,0
7141,0
7142,0
7143,0
7144,0
7145,0
7146,0
7147,0
7148,0
7149,0
7150,0
7151,1
7152,1
7153,0
7154,1
7155,1
7156,1
7157,1
7158,1
7159,1
7160,1
7161,1
7162,1
7163,1
7164,1
7165,1
7166,1
7167,1
7168,1
7169,1
7170,0
7171,0
7172,0
7173,0
7174,0
7175,0
7176,0
7177,0
7178,0
7179,0
7180,0
7181,0
7182,0
7183,0
7184,0
7185,0
7186,0
7187,0
7188,0
7189,0
7190,0
7191,0
7192,0
7193,0
7194,0
7195,0
7196,0
7197,0
7198,0
7199,0
7200,0
7201,0
7202,0
7203,0
7204,0
7205,0
7206,0
7207,0
7208,1
7209,1
7210,1
7211,1
7212,1
7213,1
7214,1
7215,1
7216,1
7217,1
7218,1
7219,1
7220,1
7221,1
7222,1
7223,1
7224,1
7225,0
7226,0
7227,0
7228,0
7229,0
7230,0
7231,0
7232,0
7233,0
7234,0
7235,0
7236,0
7237,0
7238,0
7239,0
7240,0
7241,0
7242,0
7243,0
7244,0
7245,0
7246,0
7247,0
7248,0
7249,0
7250,0
7251,0
7252,0
7253,0
7254,0
7255,0
7256,0
7257,0
7258,0
7259,0
7260,1
7261,1
7262,0
7263,1
7264,1
7265,1
7266,1
7267,1
7268,1
7269,1
7270,1
7271,1
7272,1
7273,1
7274,1
7275,1
7276,1
7277,1
7278,1
7279,0
7280,0
7281,0
7282,0
7283,0
7284,0
7285,0
7286,0
7287,0
7288,0
7289,0
7290,0
7291,0
7292,0
7293,0
7294,0
7295,0
7296,0
7297,0
7298,0
7299,0
7300,0
7301,0
7302,0
7303,0
7304,0
7305,0
7306,0
7307,0
7308,0
7309,0
7310,0
7311,0
7312,0
7313,0
7314,0
7315,0
7316,0
7317,0
7318,0
7319,0
7320,0
7321,0
7322,0
7323,1
7324,1
7325,0
7326,1
7327,1
7328,1
7329,1
7330,1
7331,1
7332,1
7333,1
7334,1
7335,1
7336,1
7337,1
7338,1
7339,1
7340,1
7341,1
7342,0
7343,0
7344,0
7345,0
7346,0
7347,0
7348,0
7349,0
7350,0
7351,0
7352,0
7353,0
7354,0
7355,0
7356,0
7357,0
7358,0
7359,0
7360,0
7361,0
7362,0
7363,0
7364,0
7365,0
7366,0
7367,0
7368,0
7369,0
7370,0
7371,0
7372,0
7373,0
7374,0
7375,0
7376,0
7377,0
7378,0
7379,0
7380,0
7381,0
7382,0
7383,0
7384,0
7385,0
7386,1
7387,1
7388,1
7389,1
7390,1
7391,1
7392,1
7393,1
7394,0
7395,0
7396,0
7397,0
7398,1
7399,1
7400,1
7401,1
7402,1
7403,1
7404,1
7405,0
7406,0
7407,0
7408,0
7409,1
7410,1
7411,1
7412,1
7413,1
7414,1
7415,1
7416,0
7417,0
7418,0
7419,0
7420,1
7421,1
7422,1
7423,1
7424,1
7425,1
7426,0
7427,0
7428,0
7429,0
7430,0
7431,0
7432,0
7433,0
7434,0
7435,0
7436,0
7437,0
7438,0
7439,1
7440,1
7441,1
7442,1
7443,1
7444,1
7445,1
7446,0
7447,0
7448,0
7449,0
7450,0
7451,0
7452,0
7453,0
7454,0
7455,0
7456,0
7457,0
7458,0
7459,1
7460,1
7461,1
7462,1
7463,1
7464,1
7465,1
7466,0
7467,0
7468,0
7469,0
7470,0
7471,0
7472,0
7473,0
7474,0
7475,0
7476,0
7477,0
7478,0
7479,1
7480,1
7481,1
7482,1
7483,1
7484,1
7485,1
7486,0
7487,0
7488,0
7489,0
7490,0
7491,0
7492,0
7493,0
7494,0
7495,0
7496,0
7497,0
7498,0
7499,1
7500,1
7501,1
7502,1
7503,1
7504,1
7505,1
7506,0
7507,0
7508,0
7509,0
7510,0
7511,0
7512,0
7513,0
7514,0
7515,0
7516,0
7517,0
7518,0
7519,1
7520,1
7521,1
7522,1
7523,1
7524,1
7525,1
7526,1
7527,1
7528,1
7529,1
7530,1
7531,1
7532,1
7533,1
7534,1
7535,1
7536,1
7537,1
7538,1
7539,1
7540,1
7541,1
7542,1
7543,1
7544,1
7545,1
7546,1
7547,1
7548,1
7549,1
7550,1
7551,0
7552,0
7553,0
7554,0
7555,0
7556,0
7557,0
7558,0
7559,0
7560,0
7561,0
7562,0
7563,0
7564,0
7565,0
7566,0
7567,0
7568,0
7569,0
7570,0
7571,0
7572,0
7573,0
7574,0
7575,0
7576,0
7577,0
7578,0
7579,0
7580,0
7581,0
7582,0
7583,0
7584,0
7585,0
7586,0
7587,0
7588,1
7589,0
7590,0
7591,0
7592,1
7593,0
7594,0
7595,0
7596,0
7597,0
7598,0
7599,0
7600,1
7601,1
7602,1
7603,1
7604,1
7605,1
7606,1
7607,1
7608,1
7609,1
7610,1
7611,1
7612,1
7613,1
7614,1
7615,1
7616,1
7617,1
7618,1
7619,1
7620,1
7621,1
7622,1
7623,1
7624,1
7625,1
7626,1
7627,1
7628,1
7629,1
7630,1
7631,1
7632,1
7633,0
7634,0
7635,0
7636,0
7637,0
7638,0
7639,0
7640,0
7641,0
7642,0
7643,0
7644,0
7645,0
7646,0
7647,0
7648,0
7649,0
7650,0
7651,0
7652,0
7653,0
7654,0
7655,0
7656,0
7657,0
7658,0
7659,0
7660,0
7661,0
7662,0
7663,0
7664,0
7665,0
7666,0
7667,0
7668,0
7669,0
7670,1
7671,0
7672,0
7673,0
7674,1
7675,0
7676,0
7677,0
7678,0
7679,0
7680,0
7681,0
7682,1
7683,1
7684,1
7685,1
7686,1
7687,1
7688,1
7689,1
7690,1
7691,1
7692,1
7693,1
7694,1
7695,1
7696,1
7697,1
7698,1
7699,1
7700,1
7701,1
7702,1
7703,1
7704,1
7705,1
7706,1
7707,1
7708,1
7709,1
7710,1
7711,1
7712,1
7713,1
7714,1
7715,0
7716,0
7717,0
7718,0
7719,0
7720,0
7721,0
7722,0
7723,0
7724,0
7725,0
7726,0
7727,0
7728,0
7729,0
7730,0
7731,0
7732,0
7733,0
7734,0
7735,0
7736,0
7737,0
7738,0
7739,0
7740,0
7741,0
7742,0
7743,0
7744,0
7745,0
7746,0
7747,0
7748,0
7749,0
7750,0
7751,0
7752,1
7753,0
7754,0
7755,0
7756,1
7757,0
7758,0
7759,0
7760,0
7761,0
7762,0
7763,0
7764,1
7765,1
7766,1
7767,1
7768,1
7769,1
7770,1
7771,1
7772,1
7773,1
7774,1
7775,1
7776,1
7777,1
7778,1
7779,1
7780,1
7781,1
7782,1
7783,1
7784,1
7785,1
7786,1
7787,1
7788,1
7789,1
7790,1
7791,1
7792,1
7793,1
7794,1
7795,1
7796,1
7797,0
7798,0
7799,0
7800,0
7801,0
7802,0
7803,0
7804,0
7805,0
7806,0
7807,0
7808,0
7809,0
7810,0
7811,0
7812,0
7813,0
7814,0
7815,0
7816,0
7817,0
7818,0
7819,0
7820,0
7821,0
7822,0
7823,0
7824,0
7825,0
7826,0
7827,0
7828,0
7829,0
7830,0
7831,0
7832,0
7833,0
7834,1
7835,0
7836,0
7837,0
7838,1
7839,0
7840,0
7841,0
7842,0
7843,0
7844,0
7845,0
7846,1
7847,1
7848,1
7849,1
7850,1
7851,1
7852,1
7853,1
7854,1
7855,1
7856,1
7857,1
7858,1
7859,1
7860,0
7861,0
7862,0
7863,0
7864,0
7865,0
7866,1
7867,0
7868,1
7869,0
7870,0
7871,1
7872,1
7873,1
7874,1
7875,1
7876,1
7877,1
7878,1
7879,0
7880,0
7881,0
7882,0
7883,0
7884,0
7885,1
7886,0
7887,0
7888,0
7889,1
7890,1
7891,1
7892,1
7893,0
7894,0
7895,0
7896,0
7897,1
7898,0
7899,0
7900,0
7901,1
7902,0
7903,1
7904,1
7905,1
7906,1
7907,1
7908,1
7909,1
7910,1
7911,0
7912,0
7913,1
7914,1
7915,1
7916,1
7917,1
7918,1
7919,1
7920,1
7921,0
7922,0
7923,1
7924,1
7925,0
7926,0
7927,0
7928,1
7929,0
7930,0
7931,1
7932,1
7933,1
7934,1
7935,1
7936,0
7937,0
7938,1
7939,0
7940,0
7941,1
7942,0
7943,0
7944,1
7945,0
7946,0
7947,1
7948,0
7949,0
7950,1
7951,0
7952,0
7953,1
7954,0
7955,1
7956,0
7957,1
7958,0
7959,1
7960,0
7961,1
7962,1
7963,1
7964,0
7965,1
7966,1
7967,1
7968,0
7969,1
7970,1
7971,1
7972,0
7973,1
7974,1
7975,1
7976,0
7977,1
7978,1
7979,1
7980,1
7981,1
7982,1
7983,1
7984,1
7985,0
7986,0
7987,1
7988,1
7989,1
7990,1
7991,1
7992,1
7993,1
7994,1
7995,1
7996,1
7997,1
7998,1
7999,1
8000,1
8001,1
8002,1
8003,0
8004,0
8005,0
8006,1
8007,1
8008,1
8009,1
8010,1
8011,0
8012,1
8013,1
8014,1
8015,1
8016,1
8017,0
8018,1
8019,1
8020,1
8021,1
8022,0
8023,0
8024,1
8025,1
8026,0
8027,1
8028,1
8029,0
8030,0
8031,0
8032,1
8033,1
8034,1
8035,1
8036,1
8037,1
8038,1
8039,0
8040,0
8041,0
8042,0
8043,0
8044,0
8045,1
8046,1
8047,1
8048,1
8049,1
8050,1
8051,1
8052,1
8053,1
8054,1
8055,1
8056,1
8057,1
8058,1
8059,1
8060,1
8061,1
8062,1
8063,1
8064,1
8065,1
8066,1
8067,0
8068,0
8069,0
8070,0
8071,0
8072,0
8073,0
8074,0
8075,0
8076,0
8077,0
8078,0
8079,0
8080,0
8081,0
8082,0
8083,0
8084,1
8085,1
8086,0
8087,0
8088,0
8089,0
8090,0
8091,0
8092,0
8093,0
8094,1
8095,1
8096,0
8097,0
8098,0
8099,0
8100,0
8101,0
8102,0
8103,0
8104,0
8105,0
8106,0
8107,0
8108,0
8109,0
8110,0
8111,0
8112,0
8113,0
8114,0
8115,0
8116,0
8117,0
8118,0
8119,0
8120,0
8121,0
8122,0
8123,0
8124,0
8125,0
8126,0
8127,0
8128,0
8129,0
8130,0
8131,0
8132,0
8133,0
8134,0
8135,0
8136,0
8137,0
8138,0
8139,0
8140,0
8141,0
8142,0
8143,0
8144,0
8145,0
8146,0
8147,0
8148,0
8149,0
8150,0
8151,1
8152,0
8153,1
8154,0
8155,0
8156,0
8157,0
8158,0
8159,0
8160,0
8161,1
8162,0
8163,1
8164,0
8165,0
8166,0
8167,0
8168,0
8169,0
8170,0
8171,0
8172,0
8173,0
8174,0
8175,0
8176,0
8177,0
8178,0
8179,0
8180,0
8181,0
8182,0
8183,0
8184,0
8185,0
8186,0
8187,0
8188,0
8189,0
8190,0
8191,0
8192,0
8193,0
8194,0
8195,0
8196,0
8197,0
8198,0
8199,0
8200,0
8201,0
8202,1
8203,1
8204,1
8205,0
8206,0
8207,0
8208,0
8209,0
8210,0
8211,1
8212,0
8213,0
8214,0
8215,0
8216,0
8217,0
8218,1
8219,0
8220,0
8221,0
8222,0
8223,0
8224,0
8225,1
8226,0
8227,0
8228,0
8229,0
8230,0
8231,0
8232,1
8233,1
8234,1
8235,0
8236,0
8237,0
8238,1
8239,1
8240,1
8241,0
8242,0
8243,0
8244,0
8245,0
8246,0
8247,0
8248,0
8249,0
8250,0
8251,0
8252,0
8253,0
8254,0
8255,0
8256,1
8257,1
8258,1
8259,1
8260,1
8261,1
8262,1
8263,1
8264,1
8265,1
8266,1
8267,1
8268,1
8269,1
8270,1
8271,1
8272,1
8273,1
8274,1
8275,1
8276,1
8277,1
8278,1
8279,1
8280,1
8281,1
8282,1
8283,1
8284,1
8285,1
8286,1
8287,1
8288,1
8289,1
8290,1
8291,1
8292,1
8293,1
8294,1
8295,1
8296,1
8297,1
8298,0
8299,0
8300,0
8301,0
8302,0
8303,0
8304,1
8305,1
8306,1
8307,1
8308,1
8309,0
8310,1
8311,0
8312,1
8313,1
8314,1
8315,1
8316,1
8317,1
8318,1
8319,1
8320,1
8321,1
8322,1
8323,1
8324,1
8325,1
8326,0
8327,1
8328,1
8329,1
8330,1
8331,1
8332,0
8333,1
8334,0
8335,1
8336,1
8337,1
8338,1
8339,1
8340,1
8341,0
8342,0
8343,1
8344,1
8345,1
8346,1
8347,1
8348,1
8349,1
8350,0
8351,0
8352,0
8353,0
8354,0
8355,0
8356,0
8357,1
8358,0
8359,1
8360,0
8361,0
8362,0
8363,0
8364,0
8365,1
8366,1
8367,0
8368,1
8369,1
8370,0
8371,1
8372,0
8373,1
8374,1
8375,0
8376,1
8377,0
8378,0
8379,0
8380,0
8381,1
8382,1
8383,1
8384,1
8385,1
8386,1
8387,1
8388,1
8389,1
8390,1
8391,1
8392,1
8393,1
8394,1
8395,1
8396,1
8397,1
8398,0
8399,0
8400,1
8401,0
8402,0
8403,1
8404,1
8405,1
8406,1
8407,1
8408,1
8409,1
8410,1
8411,0
8412,0
8413,1
8414,1
8415,0
8416,0
8417,1
8418,1
8419,1
8420,1
8421,0
8422,0
8423,0
8424,0
8425,0
8426,1
8427,0
8428,1
8429,1
8430,1
8431,1
8432,0
8433,0
8434,0
8435,0
8436,1
8437,1
8438,1
8439,0
8440,1
8441,0
8442,1
8443,0
8444,0
8445,0
8446,1
8447,0
8448,1
8449,1
8450,0
8451,0
8452,1
8453,1
8454,1
8455,1
8456,1
8457,1
8458,1
8459,1
8460,1
8461,0
8462,1
8463,1
8464,1
8465,0
8466,1
8467,0
8468,1
8469,1
8470,1
8471,1
8472,1
8473,0
8474,0
8475,0
8476,1
8477,1
8478,1
8479,1
8480,1
8481,1
8482,1
8483,0
8484,0
8485,0
8486,0
8487,0
8488,0
8489,1
8490,1
8491,1
8492,1
8493,0
8494,1
8495,1
8496,0
8497,0
8498,0
8499,0
8500,1
8501,1
8502,1
8503,1
8504,1
8505,1
8506,0
8507,0
8508,0
8509,0
8510,0
8511,1
8512,1
8513,1
8514,1
8515,1
8516,1
8517,1
8518,0
8519,0
8520,1
8521,1
8522,1
8523,1
8524,1
8525,1
8526,1
8527,1
8528,1
8529,1
8530,1
8531,1
8532,1
8533,1
8534,0
8535,0
8536,0
8537,0
8538,1
8539,1
8540,1
8541,1
8542,1
8543,1
8544,1
8545,1
8546,1
8547,1
8548,1
8549,1
8550,1
8551,1
8552,1
8553,1
8554,1
8555,1
8556,1
8557,1
8558,1
8559,1
8560,0
8561,1
8562,1
8563,1
8564,1
8565,1
8566,1
8567,1
8568,1
8569,0
8570,0
8571,1
8572,1
8573,0
8574,1
8575,0
8576,1
8577,1
8578,1
8579,1
8580,0
8581,1
8582,1
8583,1
8584,0
8585,0
8586,1
8587,0
8588,1
8589,0
8590,0
8591,0
8592,1
8593,0
8594,1
8595,0
8596,0
8597,0
8598,1
8599,1
8600,1
8601,1
8602,1
8603,0
8604,1
8605,0
8606,1
8607,1
8608,1
8609,1
8610,1
8611,1
8612,1
8613,1
8614,1
8615,1
8616,1
8617,1
8618,1
8619,1
8620,0
8621,1
8622,1
8623,0
8624,1
8625,0
8626,1
8627,1
8628,0
8629,0
8630,1
8631,0
8632,1
8633,0
8634,0
8635,0
8636,1
8637,0
8638,1
8639,0
8640,1
8641,1
8642,0
8643,0
8644,0
8645,0
8646,1
8647,1
8648,1
8649,1
8650,1
8651,1
8652,1
8653,1
8654,1
8655,1
8656,1
8657,1
8658,1
8659,0
8660,1
8661,1
8662,1
8663,1
8664,1
8665,1
8666,0
8667,1
8668,1
8669,0
8670,1
8671,0
8672,0
8673,0
8674,0
8675,0
8676,0
8677,1
8678,0
8679,1
8680,1
8681,1
8682,1
8683,1
8684,1
8685,1
8686,1
8687,1
8688,1
8689,1
8690,1
8691,1
8692,1
8693,1
8694,1
8695,1
8696,1
8697,1
8698,1
8699,1
8700,1
8701,1
8702,1
8703,1
8704,1
8705,1
8706,1
8707,1
8708,1
8709,1
8710,1
8711,1
8712,1
8713,1
8714,1
8715,1
8716,1
8717,1
8718,1
8719,1
8720,1
8721,1
8722,1
8723,1
8724,1
8725,0
8726,1
8727,0
8728,1
8729,1
8730,1
8731,0
8732,1
8733,1
8734,1
8735,1
8736,1
8737,1
8738,1
8739,1
8740,1
8741,1
8742,1
8743,1
8744,1
8745,0
8746,0
8747,0
8748,0
8749,1
8750,0
8751,1
8752,1
8753,1
8754,1
8755,1
8756,1
8757,1
8758,1
8759,1
8760,0
8761,1
8762,1
8763,0
8764,1
8765,1
8766,1
8767,1
8768,1
8769,1
8770,0
8771,1
8772,1
8773,0
8774,1
8775,1
8776,1
8777,1
8778,1
8779,0
8780,0
8781,1
8782,1
8783,1
8784,1
8785,1
8786,1
8787,1
8788,1
8789,1
8790,1
8791,1
8792,1
8793,1
8794,1
8795,1
8796,1
8797,1
8798,0
8799,0
8800,0
8801,0
8802,0
8803,1
8804,0
8805,0
8806,1
8807,0
8808,1
8809,0
8810,1
8811,1
8812,0
8813,0
8814,1
8815,1
8816,0
8817,1
8818,1
8819,0
8820,0
8821,0
8822,0
8823,0
8824,0
8825,1
8826,0
8827,1
8828,1
8829,0
8830,0
8831,1
8832,1
8833,0
8834,1
8835,1
8836,1
8837,1
8838,1
8839,1
8840,1
8841,1
8842,1
8843,1
8844,0
8845,0
8846,0
8847,0
8848,0
8849,1
8850,0
8851,1
8852,0
8853,1
8854,0
8855,0
8856,1
8857,1
8858,1
8859,1
8860,1
8861,1
8862,1
8863,1
8864,1
8865,0
8866,0
8867,0
8868,1
8869,0
8870,0
8871,0
8872,0
8873,0
8874,1
8875,1
8876,0
8877,0
8878,1
8879,1
8880,0
8881,0
8882,0
8883,1
8884,0
8885,0
8886,0
8887,0
8888,0
8889,1
8890,1
8891,1
8892,0
8893,0
8894,0
8895,0
8896,0
8897,0
8898,0
8899,0
8900,0
8901,0
8902,0
8903,0
8904,0
8905,0
8906,0
8907,1
8908,0
8909,1
8910,0
8911,1
8912,0
8913,0
8914,0
8915,1
8916,1
8917,1
8918,1
8919,1
8920,1
8921,0
8922,0
8923,0
8924,0
8925,1
8926,1
8927,1
8928,1
8929,1
8930,1
8931,1
8932,0
8933,0
8934,1
8935,1
8936,1
8937,1
8938,0
8939,0
8940,1
8941,1
8942,1
8943,1
8944,1
8945,1
8946,1
8947,1
8948,1
8949,1
8950,1
8951,1
8952,1
8953,1
8954,1
8955,1
8956,0
8957,0
8958,1
8959,1
8960,1
8961,1
8962,1
8963,1
8964,1
8965,1
8966,1
8967,1
8968,0
8969,0
8970,1
8971,1
8972,1
8973,1
8974,1
8975,1
8976,1
8977,1
8978,1
8979,1
8980,1
8981,1
8982,1
8983,1
8984,0
8985,0
8986,0
8987,1
8988,1
8989,1
8990,1
8991,1
8992,1
8993,1
8994,1
8995,1
8996,1
8997,1
8998,0
8999,0
9000,1
9001,1
9002,1
9003,1
9004,1
9005,1
9006,1
9007,1
9008,1
9009,1
9010,1
9011,1
9012,1
9013,1
9014,1
9015,1
9016,1
9017,1
9018,1
9019,1
9020,1
9021,1
9022,1
9023,1
9024,1
9025,1
9026,1
9027,0
9028,1
9029,1
9030,1
9031,1
9032,1
9033,1
9034,0
9035,1
9036,1
9037,1
9038,1
9039,1
9040,1
9041,0
9042,1
9043,1
9044,1
9045,1
9046,1
9047,1
9048,0
9049,1
9050,1
9051,1
9052,1
9053,1
9054,1
9055,1
9056,1
9057,1
9058,1
9059,1
9060,1
9061,1
9062,1
9063,1
9064,1
9065,1
9066,1
9067,1
9068,1
9069,1
9070,1
9071,1
9072,1
9073,1
9074,1
9075,1
9076,1
9077,1
9078,1
9079,1
9080,1
9081,1
9082,1
9083,1
9084,1
9085,1
9086,1
9087,1
9088,1
9089,1
9090,1
9091,1
9092,1
9093,1
9094,1
9095,1
9096,1
9097,1
9098,1
9099,1
9100,1
9101,1
9102,1
9103,1
9104,1
9105,1
9106,1
9107,1
9108,1
9109,1
9110,1
9111,1
9112,1
9113,1
9114,1
9115,1
9116,1
9117,1
9118,1
9119,1
9120,1
9121,1
9122,1
9123,1
9124,1
9125,1
9126,1
9127,1
9128,1
9129,1
9130,1
9131,1
9132,1
9133,1
9134,1
9135,1
9136,1
9137,1
9138,1
9139,1
9140,1
9141,1
9142,1
9143,1
9144,0
9145,1
9146,1
9147,1
9148,1
9149,1
9150,1
9151,1
9152,1
9153,1
9154,0
9155,0
9156,1
9157,0
9158,0
9159,0
9160,1
9161,1
9162,1
9163,0
9164,1
9165,1
9166,1
9167,1
9168,0
9169,1
9170,1
9171,1
9172,1
9173,1
9174,1
9175,0
9176,1
9177,1
9178,0
9179,1
9180,1
9181,0
9182,1
9183,1
9184,1
9185,1
9186,1
9187,1
9188,1
9189,1
9190,1
9191,0
9192,0
9193,0
9194,1
9195,1
9196,1
9197,0
9198,1
9199,1
9200,0
9201,1
9202,0
9203,1
9204,1
9205,1
9206,0
9207,1
9208,1
9209,0
9210,0
9211,1
9212,0
9213,1
9214,1
9215,0
9216,1
9217,1
9218,1
9219,0
9220,1
9221,1
9222,0
9223,1
9224,1
9225,1
9226,1
9227,1
9228,0
9229,1
9230,1
9231,0
9232,1
9233,1
9234,1
9235,1
9236,1
9237,1
9238,0
9239,1
9240,1
9241,0
9242,1
9243,0
9244,1
9245,1
9246,1
9247,1
9248,1
9249,0
9250,1
9251,1
9252,1
9253,1
9254,1
9255,0
9256,1
9257,0
9258,1
9259,1
9260,0
9261,1
9262,1
9263,1
9264,1
9265,1
9266,1
9267,1
9268,1
9269,1
9270,0
9271,1
9272,0
9273,1
9274,1
9275,0
9276,1
9277,0
9278,0
9279,0
9280,0
9281,1
9282,0
9283,1
9284,0
9285,1
9286,1
9287,1
9288,1
9289,1
9290,1
9291,1
9292,1
9293,1
9294,1
9295,1
9296,0
9297,1
9298,1
9299,1
9300,1
9301,1
9302,0
9303,0
9304,0
9305,1
9306,0
9307,1
9308,0
9309,1
9310,0
9311,1
9312,0
9313,1
9314,0
9315,1
9316,0
9317,1
9318,1
9319,1
9320,1
9321,1
9322,1
9323,1
9324,1
9325,1
9326,1
9327,1
9328,1
9329,1
9330,1
9331,1
9332,1
9333,1
9334,1
9335,1
9336,1
9337,1
9338,1
9339,1
9340,1
9341,1
9342,1
9343,1
9344,1
9345,1
9346,1
9347,1
9348,1
9349,1
9350,1
9351,1
9352,1
9353,1
9354,1
9355,1
9356,0
9357,0
9358,0
9359,0
9360,0
9361,0
9362,0
9363,0
9364,0
9365,0
9366,1
9367,1
9368,1
9369,1
9370,1
9371,1
9372,1
9373,1
9374,1
9375,1
9376,1
9377,1
9378,1
9379,1
9380,1
9381,1
9382,1
9383,1
9384,1
9385,1
9386,1
9387,1
9388,1
9389,1
9390,1
9391,1
9392,1
9393,1
9394,1
9395,1
9396,1
9397,1
9398,0
9399,0
9400,0
9401,0
9402,0
9403,0
9404,0
9405,0
9406,0
9407,1
9408,1
9409,1
9410,1
9411,1
9412,1
9413,1
9414,1
9415,1
9416,1
9417,1
9418,1
9419,1
9420,0
9421,0
9422,0
9423,1
9424,1
9425,1
9426,1
9427,1
9428,1
9429,1
9430,1
9431,1
9432,1
9433,1
9434,1
9435,1
9436,1
9437,1
9438,1
9439,1
9440,1
9441,1
9442,1
9443,1
9444,1
9445,1
9446,1
9447,1
9448,1
9449,0
9450,0
9451,1
9452,0
9453,1
9454,1
9455,1
9456,1
9457,1
9458,1
9459,1
9460,1
9461,1
9462,1
9463,1
9464,1
9465,1
9466,1
9467,1
9468,1
9469,1
9470,1
9471,0
9472,1
9473,0
9474,1
9475,0
9476,1
9477,0
9478,0
9479,0
9480,0
9481,0
9482,0
9483,0
9484,0
9485,0
9486,0
9487,0
9488,0
9489,0
9490,0
9491,0
9492,0
9493,0
9494,0
9495,0
9496,0
9497,0
9498,0
9499,0
9500,0
9501,0
9502,0
9503,0
9504,0
9505,0
9506,0
9507,0
9508,0
9509,0
9510,0
9511,0
9512,0
9513,0
9514,0
9515,0
9516,0
9517,0
9518,0
9519,0
9520,0
9521,0
9522,0
9523,0
9524,0
9525,0
9526,0
9527,0
9528,0
9529,0
9530,0
9531,0
9532,0
9533,0
9534,0
9535,0
9536,0
9537,0
9538,0
9539,0
9540,0
9541,0
9542,0
9543,0
9544,0
9545,0
9546,0
9547,0
9548,0
9549,0
9550,0
9551,0
9552,0
9553,0
9554,0
9555,0
9556,0
9557,0
9558,0
9559,0
9560,1
9561,1
9562,1
9563,1
9564,1
9565,1
9566,0
9567,1
9568,1
9569,1
9570,1
9571,0
9572,1
9573,1
9574,1
9575,0
9576,1
9577,1
9578,1
9579,1
9580,1
9581,1
9582,0
9583,1
9584,1
9585,0
9586,1
9587,1
9588,0
9589,1
9590,1
9591,1
9592,1
9593,1
9594,0
9595,1
9596,1
9597,1
9598,1
9599,1
9600,1
9601,1
9602,1
9603,1
9604,1
9605,1
9606,1
9607,1
9608,1
9609,1
9610,0
9611,1
9612,1
9613,0
9614,0
9615,1
9616,1
9617,0
9618,1
9619,0
9620,1
9621,1
9622,1
9623,1
9624,1
9625,0
9626,1
9627,1
9628,0
9629,1
9630,0
9631,0
9632,1
9633,1
9634,0
9635,0
9636,0
9637,0
9638,0
9639,1
9640,0
9641,0
9642,0
9643,0
9644,1
9645,0
9646,1
9647,0
9648,0
9649,0
9650,0
9651,0
9652,0
9653,0
9654,1
9655,0
9656,0
9657,0
9658,0
9659,0
9660,0
9661,0
9662,0
9663,0
9664,0
9665,0
9666,0
9667,0
9668,0
9669,0
9670,0
9671,0
9672,1
9673,0
9674,0
9675,0
9676,0
9677,0
9678,0
9679,0
9680,0
9681,0
9682,0
9683,0
9684,0
9685,0
9686,0
9687,1
9688,0
9689,0
9690,0
9691,1
9692,0
9693,0
9694,0
9695,0
9696,0
9697,0
9698,0
9699,1
9700,0
9701,0
9702,0
9703,1
9704,1
9705,1
9706,1
9707,1
9708,0
9709,1
9710,1
9711,1
9712,1
9713,1
9714,1
9715,1
9716,1
9717,1
9718,1
9719,1
9720,1
9721,1
9722,1
9723,1
9724,1
9725,1
9726,1
9727,1
9728,1
9729,1
9730,1
9731,1
9732,1
9733,1
9734,1
9735,1
9736,1
9737,1
9738,1
9739,1
9740,1
9741,1
9742,1
9743,1
9744,1
9745,1
9746,1
9747,1
9748,1
9749,1
9750,1
9751,1
9752,1
9753,1
9754,1
9755,1
9756,1
9757,1
9758,1
9759,1
9760,1
9761,1
9762,1
9763,1
9764,1
9765,1
9766,1
9767,1
9768,1
9769,1
9770,1
9771,1
9772,1
9773,1
9774,1
9775,0
9776,1
9777,1
9778,1
9779,1
9780,1
9781,1
9782,1
9783,1
9784,1
9785,0
9786,0
9787,0
9788,0
9789,1
9790,1
9791,1
9792,1
9793,1
9794,1
9795,1
9796,1
9797,1
9798,0
9799,0
9800,0
9801,0
9802,1
9803,1
9804,1
9805,1
9806,1
9807,1
9808,1
9809,0
9810,0
9811,1
9812,1
9813,1
9814,1
9815,1
9816,1
9817,1
9818,0
9819,0
9820,0
9821,0
9822,1
9823,1
9824,1
9825,1
9826,0
9827,1
9828,1
9829,1
9830,1
9831,0
9832,1
9833,1
9834,1
9835,1
9836,0
9837,1
9838,1
9839,0
9840,1
9841,0
9842,1
9843,1
9844,1
9845,1
9846,1
9847,1
9848,1
9849,1
9850,1
9851,1
9852,1
9853,1
9854,1
9855,1
9856,1
9857,1
9858,1
9859,1
9860,1
9861,1
9862,1
9863,1
9864,1
9865,1
9866,1
9867,1
9868,1
9869,1
9870,1
9871,1
9872,0
9873,1
9874,1
9875,1
9876,0
9877,1
9878,0
9879,1
9880,1
9881,1
9882,1
9883,1
9884,0
9885,0
9886,0
9887,1
9888,1
9889,1
9890,1
9891,1
9892,1
9893,1
9894,1
9895,1
9896,1
9897,0
9898,1
9899,1
9900,1
9901,1
9902,1
9903,0
9904,0
9905,0
9906,1
9907,1
9908,1
9909,1
9910,1
9911,1
9912,1
9913,1
9914,1
9915,1
9916,1
9917,1
9918,1
9919,1
9920,1
9921,1
9922,1
9923,1
9924,1
9925,1
9926,1
9927,1
9928,1
9929,1
9930,1
9931,1
9932,1
9933,1
9934,1
9935,0
9936,1
9937,0
9938,0
9939,1
9940,0
9941,1
9942,0
9943,0
9944,1
9945,0
9946,0
9947,1
9948,0
9949,0
9950,0
9951,0
9952,0
9953,0
9954,0
9955,0
9956,0
9957,1
9958,0
9959,0
9960,0
9961,0
9962,0
9963,0
9964,0
9965,0
9966,0
9967,0
9968,0
9969,0
9970,0
9971,1
9972,1
9973,1
9974,1
9975,1
9976,1
9977,1
9978,1
9979,1
9980,1
9981,1
9982,1
9983,1
9984,1
9985,1
9986,1
9987,0
9988,1
9989,0
9990,1
9991,1
9992,1
9993,1
9994,1
9995,1
9996,1
9997,1
9998,1
9999,1
10000,1
10001,1
10002,0
10003,1
10004,1
10005,1
10006,1
10007,1
10008,1
10009,1
10010,1
10011,1
10012,1
10013,1
10014,0
10015,0
10016,1
10017,1
10018,1
10019,1
10020,1
10021,1
10022,1
10023,1
10024,1
10025,1
10026,1
10027,1
10028,1
10029,1
10030,1
10031,0
10032,0
10033,1
10034,1
10035,0
10036,0
10037,0
10038,0
10039,0
10040,0
10041,0
10042,0
10043,0
10044,0
10045,0
10046,0
10047,0
10048,0
10049,0
10050,0
10051,0
10052,0
10053,0
10054,0
10055,0
10056,0
10057,0
10058,0
10059,0
10060,0
10061,0
10062,0
10063,0
10064,0
10065,0
10066,0
10067,0
10068,0
10069,0
10070,0
10071,0
10072,0
10073,0
10074,0
10075,0
10076,0
10077,0
10078,0
10079,0
10080,0
10081,0
10082,0
10083,0
10084,0
10085,0
10086,0
10087,0
10088,0
10089,0
10090,0
10091,0
10092,0
10093,0
10094,0
10095,0
10096,1
10097,1
10098,1
10099,0
10100,0
10101,1
10102,1
10103,1
10104,1
10105,1
10106,0
10107,0
10108,0
10109,0
10110,0
10111,1
10112,1
10113,1
10114,0
10115,0
10116,0
10117,0
10118,0
10119,0
10120,0
10121,0
10122,1
10123,1
10124,1
10125,0
10126,0
10127,1
10128,1
10129,1
10130,1
10131,1
10132,1
10133,1
10134,0
10135,0
10136,0
10137,0
10138,0
10139,1
10140,1
10141,1
10142,1
10143,0
10144,0
10145,1
10146,1
10147,1
10148,1
10149,1
10150,1
10151,1
10152,1
10153,1
10154,1
10155,1
10156,0
10157,1
10158,0
10159,1
10160,1
10161,1
10162,1
10163,1
10164,1
10165,1
10166,1
10167,1
10168,1
10169,1
10170,1
10171,1
10172,1
10173,1
10174,1
10175,1
10176,0
10177,1
10178,0
10179,1
10180,1
10181,1
10182,1
10183,1
10184,1
10185,0
10186,0
10187,0
10188,0
10189,0
10190,0
10191,0
10192,0
10193,0
10194,0
10195,1
10196,0
10197,0
10198,0
10199,1
10200,1
10201,1
10202,1
10203,1
10204,1
10205,1
10206,1
10207,0
10208,0
10209,1
10210,1
10211,1
10212,1
10213,1
10214,1
10215,1
10216,1
10217,1
10218,1
10219,1
10220,1
10221,1
10222,1
10223,1
10224,1
10225,1
10226,1
10227,1
10228,1
10229,0
10230,0
10231,1
10232,1
10233,0
10234,0
10235,0
10236,1
10237,1
10238,1
10239,1
10240,1
10241,1
10242,1
10243,1
10244,1
10245,1
10246,1
10247,1
10248,0
10249,0
10250,1
10251,1
10252,1
10253,1
10254,1
10255,1
10256,1
10257,1
10258,1
10259,1
10260,1
10261,1
10262,1
10263,1
10264,1
10265,1
10266,1
10267,1
10268,1
10269,1
10270,1
10271,1
10272,1
10273,1
10274,1
10275,1
10276,1
10277,1
10278,1
10279,1
10280,1
10281,1
10282,1
10283,0
10284,1
10285,0
10286,1
10287,1
10288,1
10289,1
10290,1
10291,1
10292,1
10293,1
10294,1
10295,1
10296,0
10297,0
10298,1
10299,1
10300,1
10301,1
10302,1
10303,1
10304,0
10305,0
10306,0
10307,0
10308,0
10309,0
10310,0
10311,1
10312,1
10313,0
10314,1
10315,1
10316,1
10317,1
10318,1
10319,1
10320,1
10321,1
10322,1
10323,1
10324,1
10325,1
10326,1
10327,1
10328,1
10329,1
10330,0
10331,0
10332,1
10333,1
10334,1
10335,1
10336,1
10337,1
10338,1
10339,0
10340,0
10341,1
10342,1
10343,1
10344,1
10345,1
10346,1
10347,0
10348,1
10349,1
10350,1
10351,1
10352,1
10353,1
10354,1
10355,1
10356,1
10357,1
10358,1
10359,1
10360,1
10361,0
10362,0
10363,0
10364,0
10365,0
10366,0
10367,0
10368,1
10369,1
10370,1
10371,1
10372,1
10373,1
10374,1
10375,1
10376,1
10377,1
10378,1
10379,1
10380,1
10381,0
10382,0
10383,1
10384,1
10385,0
10386,1
10387,0
10388,1
10389,0
10390,1
10391,1
10392,0
10393,0
10394,1
10395,0
10396,0
10397,0
10398,1
10399,0
10400,0
10401,1
10402,0
10403,0
10404,0
10405,0
10406,1
10407,0
10408,0
10409,1
10410,1
10411,0
10412,0
10413,0
10414,0
10415,0
10416,0
10417,0
10418,1
10419,1
10420,1
10421,1
10422,1
10423,1
10424,1
10425,1
10426,1
10427,1
10428,1
10429,1
10430,1
10431,0
10432,0
10433,1
10434,1
10435,1
10436,1
10437,1
10438,1
10439,1
10440,1
10441,1
10442,1
10443,1
10444,1
10445,1
10446,1
10447,1
10448,1
10449,1
10450,1
10451,1
10452,1
10453,1
10454,1
10455,1
10456,1
10457,1
10458,1
10459,1
10460,1
10461,1
10462,0
10463,0
10464,1
10465,1
10466,1
10467,1
10468,1
10469,1
10470,1
10471,1
10472,1
10473,1
10474,1
10475,1
10476,0
10477,0
10478,1
10479,1
10480,0
10481,0
10482,0
10483,0
10484,0
10485,0
10486,0
10487,0
10488,0
10489,1
10490,1
10491,0
10492,0
10493,0
10494,0
10495,0
10496,0
10497,0
10498,0
10499,0
10500,0
10501,0
10502,0
10503,0
10504,0
10505,0
